cnpj_raiz;razao_social_ibama;uf;ultimo_rapp;escopo;detalhe_declarado
05013038;"2R QUÍMICA LTDA";RIO GRANDE DO SUL;2022;dentro;"Produção de substâncias e fabricação de produtos químicos"
44186763;"3R POTIGUAR S.A.";RIO GRANDE DO NORTE;2025;dentro;"Fabricação de produtos derivados do processamento de petróleo, de rochas betuminosas e da madeira"
03422719;"3R QUÍMICA LTDA";SAO PAULO;2022;dentro;"Fabricação de preparados para limpeza e polimento, desinfetantes, inseticidas, germicidas e fungicidas"
50222925;"6FS INDUSTRIA E COMERCIO DE TINTAS E REVESTIMENTOS LTDA";MINAS GERAIS;2025;dentro;"Fabricação de tintas, esmaltes, lacas, vernizes, impermeabilizantes, solventes e secantes"
73163925;"A C D G INDUSTRIA E COMERCIO DE ENVAZADOS LTDA";SAO PAULO;2024;dentro;"Fabricação de preparados para limpeza e polimento, desinfetantes, inseticidas, germicidas e fungicidas"
27175381;"A C R INDÚSTRIA E COMÉRCIO DE ADITIVOS INDUSTRIAIS LT";SAO PAULO;2025;dentro;"Produção de substâncias e fabricação de produtos químicos"
37827440;"A F LIMA INDUSTRIAL LTDA";CEARA;2025;dentro;"Fabricação de preparados para limpeza e polimento, desinfetantes, inseticidas, germicidas e fungicidas"
14006603;"A G DE MELO E CIA LTDA. ME";PARANA;2025;dentro;"Fabricação de tintas, esmaltes, lacas, vernizes, impermeabilizantes, solventes e secantes"
27187941;"A. FONTES DE SOUZA EIRELI";AMAZONAS;2024;dentro;"Produção de substâncias e fabricação de produtos químicos"
07728834;"A. NETTO MASIERO - AGUIA PRODUTOS DE LIMPEZA";SAO PAULO;2025;dentro;"Fabricação de preparados para limpeza e polimento, desinfetantes, inseticidas, germicidas e fungicidas"
30986022;"A. P. DE OLIVEIRA SILVA LTDA";PARANA;2025;dentro;"Fabricação de sabões, detergentes e velas"
11274893;"A.D.N. COMÉRCIO DE MÁQUINAS E EQUIPAMENTOS LTDA ME";SAO PAULO;2025;dentro;"Fabricação de combustíveis não derivados de petróleo"
03361178;"A.L.BERMUDEZ PRODUTOS DE LIMPEZA";SAO PAULO;2025;dentro;"Fabricação de preparados para limpeza e polimento, desinfetantes, inseticidas, germicidas e fungicidas"
11247117;"ABBA ESPECIALIDADES QUIMICAS EIRELI - EPP";PARANA;2025;dentro;"Prod. de substâncias e fab. de prod químicos - Res. CONAMA 463/2014 / Res. CONAMA 472/2015 | Produção de substâncias e fabricação de produtos químicos"
56998701;"ABBOTT LABORATORIOS DO BRASIL LTDA";SAO PAULO;2025;dentro;"Fabricação de produtos farmacêuticos e veterinários | Produção de substâncias e fabricação de produtos químicos"
06252818;"ABENGOA BIOENERGIA AGROINDÚSTRIA LTDA.";SAO PAULO;2025;dentro;"Fabricação de fertilizantes e agroquímicos | Produção de álcool etílico, metanol e similares"
50886095;"ACELEN ENERGIA RENOVAVEL S.A.";MINAS GERAIS;2025;dentro;"Fabricação de combustíveis não derivados de petróleo"
55738205;"ACGL SOLUCOES AMBIENTAIS LTDA";MINAS GERAIS;2025;dentro;"Fabricação de fertilizantes e agroquímicos"
60659463;"ACHÉ LABORATÓRIOS FARMACÊUTICOS S/A";SAO PAULO;2025;dentro;"Fabricação de produtos farmacêuticos e veterinários | Produção de substâncias e fabricação de produtos químicos"
29209618;"AÇO CORTEN INDÚSTRIA E COMÉRCIO DE TINTAS ESPECIAIS LTDA -ME";SAO PAULO;2023;dentro;"Fabricação de tintas, esmaltes, lacas, vernizes, impermeabilizantes, solventes e secantes"
71806491;"ACQUA PLUS PRODUTOS QUIMICOS LTDA";SAO PAULO;2024;dentro;"Produção de substâncias e fabricação de produtos químicos"
05231496;"ACQUAZUL INDUSTRIA E COMERCIO LTDA";MINAS GERAIS;2024;dentro;"Fabricação de preparados para limpeza e polimento, desinfetantes, inseticidas, germicidas e fungicidas"
75619056;"ACUCAR E ALCOOL BANDEIRANTES S/A";PARANA;2024;dentro;"Fabricação de combustíveis não derivados de petróleo | Produção de álcool etílico, metanol e similares"
51990778;"ACUCAR E ETANOL OSWALDO RIBEIRO DE MENDONCA SA";SAO PAULO;2025;dentro;"Fabricação de combustíveis não derivados de petróleo | Produção de álcool etílico, metanol e similares"
58239721;"ADD-CHEMICAL LTDA";GOIAS;2025;dentro;"Prod. de substâncias e fab. de prod químicos - Res. CONAMA 463/2014 / Res. CONAMA 472/2015"
73077299;"ADELBRAS INDUSTRIA E COMERCIO DE ADESIVOS LTDA";SAO PAULO;2022;dentro;"Fabricação de resinas e de fibras e fios artificiais e sintéticos e de borracha e  látex sintéticos"
11091524;"ADFERT ADITIVOS INDÚSTRIA E COMÉRCIO LTDA";MINAS GERAIS;2023;dentro;"Produção de substâncias e fabricação de produtos químicos | Fabricação de fertilizantes e agroquímicos | Prod. de substâncias e fab. de prod químicos - Res. CONAMA 463/2014 / Res. CONAMA 472/2015"
11238297;"ADG PRODUTOS PARA LIMPEZA LTDA - ME";SAO PAULO;2024;dentro;"fabricação de preparados para limpeza e polimento, desinfetantes, inseticidas, germicidas e fungicidas - saneantes de uso domissanitários | Fabricação de sabões, detergentes e velas | Fabricação de preparados para limpeza e polimento, desinfetantes, inseticidas, germicidas e fungicidas"
55980684;"ADIUM S.A";SAO PAULO;2025;dentro;"Fabricação de produtos farmacêuticos e veterinários | Produção de substâncias e fabricação de produtos químicos"
04760944;"ADRIANO DO AMARAL";PARANA;2024;dentro;"fabricação de preparados para limpeza e polimento, desinfetantes, inseticidas, germicidas e fungicidas - saneantes de uso domissanitários | Fabricação de preparados para limpeza e polimento, desinfetantes, inseticidas, germicidas e fungicidas"
34546695;"ADVIR INDÚSTRIA DE SANEANTES E COSMÉTICOS LTDA";PERNAMBUCO;2024;dentro;"Fabricação de sabões, detergentes e velas"
33790711;"AEL BRASIL INDÚSTRIAS QUÍMICAS E DESMONTES INTELIGENTES LTDA.";SAO PAULO;2022;dentro;"Fabricação de pólvora, explosivos, detonantes, munição para caça e esporto, fósforo de Segurança e artigos pirotécnicos"
12294010;"AGNALDO QUEIROZ CPF 82132313687";MINAS GERAIS;2025;dentro;"Fabricação de pólvora, explosivos, detonantes, munição para caça e esporto, fósforo de Segurança e artigos pirotécnicos"
46345535;"AGRIBIOL - BIOLÓGICOS AGRÍCOLAS LTDA. - ME";SAO PAULO;2025;dentro;"Fabricação de fertilizantes e agroquímicos"
42477903;"AGRIMOL SOLUCOES AGRICOLAS LTDA";SAO PAULO;2025;dentro;"Prod. de substâncias e fab. de prod químicos - Res. CONAMA 463/2014 / Res. CONAMA 472/2015"
09526494;"AGRO DKV PRODUÇÃO E COMERCIALIZAÇÃO DE PRODUTOS ORGANICOS E ASSESSORIA LTDA";SAO PAULO;2025;dentro;"Fabricação de fertilizantes e agroquímicos"
11035672;"AGRO SERRA INDUSTRIAL LTDA";MARANHAO;2024;dentro;"Fabricação de combustíveis não derivados de petróleo | Produção de álcool etílico, metanol e similares | Fabricação de produtos derivados do processamento de petróleo, de rochas betuminosas e da madeira"
08699104;"AGROCERA INDUSTRIA, COMERCIO E EXPORTACAO DE CERA VEGETAL LTDA";CEARA;2024;dentro;"Produção de óleos, gorduras, ceras, vegetais e animais, óleos essenciais, vegetais e produtos similares, da destilação da madeira"
20263546;"AGROCERA PIAUI INDUSTRIA COMERCIO E EXPORTACAO DE CERA VEGETAL LTDA";PIAUI;2024;dentro;"Produção de óleos, gorduras, ceras, vegetais e animais, óleos essenciais, vegetais e produtos similares, da destilação da madeira"
04722196;"AGRONN FERTILIZANTES LTDA";SAO PAULO;2024;dentro;"Fabricação de fertilizantes e agroquímicos"
05827977;"AGROPECUÁRIA JAYORO LTDA";AMAZONAS;2025;dentro;"Produção de álcool etílico, metanol e similares"
04165520;"AGROPECUARIA NOVO MILÊNIO";MATO GROSSO;2025;dentro;"Produção de álcool etílico, metanol e similares"
16617789;"AGROPEU AGRO INDUSTRIAL DE POMPEU SA";MINAS GERAIS;2025;dentro;"Produção de álcool etílico, metanol e similares | Fabricação de combustíveis não derivados de petróleo"
05301284;"AHJ RECICLAGEM DE PRODUTOS QUIMICOS LTDA EPP";SAO PAULO;2024;dentro;"Recuperação e refino de solventes, óleos minerais, vegetais e animais"
01709348;"AIQ DO BRASIL TRATAMENTO DE ÁGUAS LTDA.";PARANA;2024;dentro;"Produção de substâncias e fabricação de produtos químicos"
01858973;"AIRELA INDÚSTRIA FARMACÊUTICA LTDA";SANTA CATARINA;2025;dentro;"Fabricação de produtos farmacêuticos e veterinários | Produção de substâncias e fabricação de produtos químicos"
17796026;"AJBS DILUENTES - EIRELI";RIO GRANDE DO SUL;2024;dentro;"Fabricação de tintas, esmaltes, lacas, vernizes, impermeabilizantes, solventes e secantes | Recuperação e refino de solventes, óleos minerais, vegetais e animais"
05024664;"ALCA IND. E COM. DE PRODUTOS DE LIMPEZA LTDA-ME";SAO PAULO;2025;dentro;"Fabricação de sabões, detergentes e velas"
43545284;"ALCOESTE BIOENERGIA FERNANDÓPOLIS S.A.";SAO PAULO;2025;dentro;"Produção de álcool etílico, metanol e similares"
30974737;"ALCON CIA DE ALCOOL CONCEIÇÃO DA BARRA";ESPIRITO SANTO;2024;dentro;"Fabricação de combustíveis não derivados de petróleo"
61154480;"ALCOOL FERREIRA S/A";SAO PAULO;2024;dentro;"Produção de álcool etílico, metanol e similares"
08866762;"ALCOOL MORIAH S/A";SAO PAULO;2022;dentro;"Produção de álcool etílico, metanol e similares"
05627254;"ALCOOL QUÍMICA CANABRAVA S/A";RIO DE JANEIRO;2025;dentro;"Fabricação de combustíveis não derivados de petróleo"
15444904;"ALCOOLVALE S/A - ÁLCOOL E AÇÚCAR";MATO GROSSO DO SUL;2024;dentro;"Produção de álcool etílico, metanol e similares"
08693761;"ALEQUIS SANDRO CORREA SALASARIO";SANTA CATARINA;2023;dentro;"Fabricação de sabões, detergentes e velas"
04143999;"ALFA FOTO QUÍMICA INDÚSTRIA E COMÉRCIO LTDA. - EPP";SAO PAULO;2024;dentro;"Produção de substâncias e fabricação de produtos químicos"
03706368;"ALL SERVICE SERVIÇOS DE LUBRIFICAÇÃO INDUSTRIAL LTDA";MINAS GERAIS;2025;dentro;"Recuperação e refino de solventes, óleos minerais, vegetais e animais"
44476148;"ALLESNANO LTDA";PARANA;2024;dentro;"Produção de substâncias e fabricação de produtos químicos"
15313223;"ALLQUIM ADITIVOS INDUSTRIAIS LTDA EPP";SAO PAULO;2022;dentro;"Produção de substâncias e fabricação de produtos químicos"
33332123;"ALMON QUIMICA LTDA";RIO DE JANEIRO;2025;dentro;"Fabricação de preparados para limpeza e polimento, desinfetantes, inseticidas, germicidas e fungicidas"
04626505;"ALPS ARTEFATOS DE BAMBÚ LTDA";RIO DE JANEIRO;2025;dentro;"Fabricação de concentrados aromáticos naturais, artificiais e sintéticos | Fabricação de sabões, detergentes e velas | Fabricação de preparados para limpeza e polimento, desinfetantes, inseticidas, germicidas e fungicidas"
62000914;"ALQUILUB COMERCIO DE LUBRIFICANTES LTDA EPP";SAO PAULO;2023;dentro;"Fab. de prod deriv do processam. de petróleo, de rochas betumin e da madeira - Res CONAMA 362/2005: art. 2º, XIV"
42177850;"ALQUIMIA PRODUTOS PARA GALVANOPLASTIA LTDA";SAO PAULO;2024;dentro;"Produção de substâncias e fabricação de produtos químicos"
70242813;"ALTERNATIVA AGRO INDUSTRIAL LTDA";MARANHAO;2023;dentro;"Produção de álcool etílico, metanol e similares"
17672433;"ALUM INDUSTRIA E COMERCIO DE INSUMOS PARA FUNDIÇÃO LTDA";SAO PAULO;2024;dentro;"Fabricação de combustíveis não derivados de petróleo"
61178927;"ALVAMINE QUÍMICA COMERCIAL E INDUSTRIAL LTDA";SAO PAULO;2023;dentro;"Fabricação de preparados para limpeza e polimento, desinfetantes, inseticidas, germicidas e fungicidas | Fabricação de sabões, detergentes e velas"
07265578;"ALVEJAX DOMISSANITARIOS LTDA";PARANA;2024;dentro;"Fabricação de preparados para limpeza e polimento, desinfetantes, inseticidas, germicidas e fungicidas | Fabricação de sabões, detergentes e velas"
00929126;"ALVES COSTA E ORTEGA LTDA";PARANA;2024;dentro;"Fabricação de preparados para limpeza e polimento, desinfetantes, inseticidas, germicidas e fungicidas"
07928840;"AMAZON OIL IND. E COM. DE ÓLEOS VEGETAIS EIRELI";PARA;2024;dentro;"Produção de óleos, gorduras, ceras, vegetais e animais, óleos essenciais, vegetais e produtos similares, da destilação da madeira"
08794451;"AMAZONBIO - IND. E COM. DE BIODIESEL DA AMAZÔNIA LTDA";RONDONIA;2024;dentro;"Fabricação de combustíveis não derivados de petróleo"
02436493;"AMBIENTE PRODUTOS DE LIMPEZA LTDA";RIO GRANDE DO SUL;2025;dentro;"Fabricação de preparados para limpeza e polimento, desinfetantes, inseticidas, germicidas e fungicidas"
34640814;"AMBITEC GESTÃO AMBIENTAL EIRELI";SAO PAULO;2022;dentro;"Produção de substâncias e fabricação de produtos químicos"
34023784;"AMERICAN PIROTECNIA LTDA";MINAS GERAIS;2025;dentro;"Fabricação de pólvora, explosivos, detonantes, munição para caça e esporto, fósforo de Segurança e artigos pirotécnicos"
11944439;"AMERICANLIMP PRODUTOS DE LIMPEZA LTDA";SAO PAULO;2024;dentro;"Fabricação de preparados para limpeza e polimento, desinfetantes, inseticidas, germicidas e fungicidas"
44204562;"ANA CARINA RIBEIRO FREIRE";TOCANTINS;2022;dentro;"Fabricação de preparados para limpeza e polimento, desinfetantes, inseticidas, germicidas e fungicidas"
17959175;"ANA CRISTINA ARRUDA RIBEIRO GONZAGA";SAO PAULO;2025;dentro;"Fabricação de preparados para limpeza e polimento, desinfetantes, inseticidas, germicidas e fungicidas"
04542586;"ANALUB PURIFICAÇÃO DE LUBRIFICANTES LTDA";MINAS GERAIS;2024;dentro;"Recuperação e refino de solventes, óleos minerais, vegetais e animais"
15688299;"ANDRECOR INDUSTRIA DE TINTAS LTDA";RIO GRANDE DO SUL;2025;dentro;"Fabricação de tintas, esmaltes, lacas, vernizes, impermeabilizantes, solventes e secantes"
05805466;"ANGELA MARIA BARBOSA NASCIMENTO TRANSPORTES";SAO PAULO;2025;dentro;"Fabricação de fertilizantes e agroquímicos"
32432977;"ANGELICA MOREIRA MENEZES PACHECO 03561025641";MINAS GERAIS;2024;dentro;"Fabricação de fertilizantes e agroquímicos"
48181580;"ANTONIO FUSSI E CIA LTDA";SAO PAULO;2023;dentro;"Fabricação de sabões, detergentes e velas"
11911712;"ANTONIO MICHALCHESZEN";PARANA;2025;dentro;"Produção de óleos, gorduras, ceras, vegetais e animais, óleos essenciais, vegetais e produtos similares, da destilação da madeira"
05822840;"ANTONIVILLE IND. E COM. DE TINTAS LTDA";PARANA;2024;dentro;"Fabricação de tintas, esmaltes, lacas, vernizes, impermeabilizantes, solventes e secantes"
53924965;"APARECIDO FERREIRA PESSOA & CIA LTDA";SAO PAULO;2023;dentro;"Fabricação de preparados para limpeza e polimento, desinfetantes, inseticidas, germicidas e fungicidas"
18238980;"APERAM BIOENERGIA LTDA";MINAS GERAIS;2024;dentro;"Fabricação de produtos derivados do processamento de petróleo, de rochas betuminosas e da madeira"
01876124;"APOLLO INDUSTRIA E COMERCIO DE ALUMINIO EM PO LTDA ME";MINAS GERAIS;2025;dentro;"Produção de substâncias e fabricação de produtos químicos"
27528991;"AQUALAB QUÍMICA INDUSTRIAL LTDA.";RIO DE JANEIRO;2023;dentro;"Produção de substâncias e fabricação de produtos químicos"
91557439;"AQUASAN IND COM DE PROD QUIMICOS LTDA";RIO GRANDE DO SUL;2025;dentro;"Produção de substâncias e fabricação de produtos químicos"
72333016;"AQUATRAT INDÚSTRIA QUÍMICA LTDA.";PARANA;2025;dentro;"Produção de substâncias e fabricação de produtos químicos"
11450179;"ARACOR - INDÚSTRIA E COMÉRCIO DE TEXTURAS E TINTAS LTDA ME";SAO PAULO;2024;dentro;"Fabricação de tintas, esmaltes, lacas, vernizes, impermeabilizantes, solventes e secantes"
07489111;"ARAPETRO DISTRIBUIDORA DE PETRÓLEO EIRELI";MATO GROSSO;2025;dentro;"Fabricação de produtos derivados do processamento de petróleo, de rochas betuminosas e da madeira"
76518836;"ARAUCO DO BRASIL S/A";PARANA;2024;dentro;"Produção de substâncias e fabricação de produtos químicos | Fabricação de resinas e de fibras e fios artificiais e sintéticos e de borracha e  látex sintéticos"
14092562;"ARBORE INDUSTRIA E COMÉRCIO DE FERTILIZANTES LTDA";SAO PAULO;2024;dentro;"Fabricação de fertilizantes e agroquímicos"
13163645;"ARCELORMITTAL BIOFLORESTAS LTDA";MINAS GERAIS;2023;dentro;"Fabricação de produtos derivados do processamento de petróleo, de rochas betuminosas e da madeira"
17469701;"ARCELORMITTAL BRASIL S.A.";MINAS GERAIS;2024;dentro;"Fabricação de produtos derivados do processamento de petróleo, de rochas betuminosas e da madeira"
30759982;"ARIMEL INDUSTRIA QUIMICA LTDA ME";SAO PAULO;2025;dentro;"Recuperação e refino de solventes, óleos minerais, vegetais e animais"
34308077;"ART-SPRAY INDUSTRIA E COMERCIO DE REVESTIMENTOS EIRELI";SAO PAULO;2022;dentro;"Fabricação de tintas, esmaltes, lacas, vernizes, impermeabilizantes, solventes e secantes"
03053235;"ARTCOLOR INDUSTRIA E COMERCIO DE TINTAS LTDA EPP";SAO PAULO;2025;dentro;"Fabricação de tintas, esmaltes, lacas, vernizes, impermeabilizantes, solventes e secantes"
26285965;"ARTESANATO DE FOGOS BORGINHO LTDA";MINAS GERAIS;2025;dentro;"Fabricação de pólvora, explosivos, detonantes, munição para caça e esporto, fósforo de Segurança e artigos pirotécnicos"
21029681;"ARTESANATO DE FOGOS ESTRELA EIRELI";MINAS GERAIS;2023;dentro;"Fabricação de pólvora, explosivos, detonantes, munição para caça e esporto, fósforo de Segurança e artigos pirotécnicos"
12598693;"ARTESANATO DE FOGOS GUARANI LTDA";MINAS GERAIS;2025;dentro;"Fabricação de pólvora, explosivos, detonantes, munição para caça e esporto, fósforo de Segurança e artigos pirotécnicos"
17265570;"ARTESANATO DE FOGOS NUCLEAR LTDA.";MINAS GERAIS;2022;dentro;"Fabricação de pólvora, explosivos, detonantes, munição para caça e esporto, fósforo de Segurança e artigos pirotécnicos"
01546172;"ARTESANATO DE FOGOS PLUTAO LTDA ME";MINAS GERAIS;2025;dentro;"Fabricação de pólvora, explosivos, detonantes, munição para caça e esporto, fósforo de Segurança e artigos pirotécnicos"
00729317;"ARTESANATO DE FOGOS VADINHO LTDA";MINAS GERAIS;2025;dentro;"Fabricação de pólvora, explosivos, detonantes, munição para caça e esporto, fósforo de Segurança e artigos pirotécnicos"
41742057;"ARTESANATO DE FUMAÇA KARAJÁ LTDA";MINAS GERAIS;2025;dentro;"Fabricação de pólvora, explosivos, detonantes, munição para caça e esporto, fósforo de Segurança e artigos pirotécnicos"
84968452;"ARTGRAN IND. E COMERCIO DE REVESTIMENTOS LTDA";PARANA;2025;dentro;"Fabricação de tintas, esmaltes, lacas, vernizes, impermeabilizantes, solventes e secantes"
13972347;"ARTLINEA DO BRASIL SOCIEDADE LIMITADA";SAO PAULO;2025;dentro;"Produção de substâncias e fabricação de produtos químicos"
02652458;"ASAA INDUSTRIA, COMERCIO E DISTRIBUICAO DE SANEANTES E COSMETICOS LTDA";SAO PAULO;2024;dentro;"fabricação de preparados para limpeza e polimento, desinfetantes, inseticidas, germicidas e fungicidas - saneantes de uso domissanitários | Fabricação de preparados para limpeza e polimento, desinfetantes, inseticidas, germicidas e fungicidas | Fabricação de perfumarias e cosméticos"
43110170;"ASK PRODUTOS QUÍMICOS DO BRASIL";SAO PAULO;2023;dentro;"Fabricação de resinas e de fibras e fios artificiais e sintéticos e de borracha e  látex sintéticos"
02433631;"ASPEN PHARMA INDUSTRIA FARMACEUTICA LTDA.";ESPIRITO SANTO;2024;dentro;"Fabricação de produtos farmacêuticos e veterinários | Produção de substâncias e fabricação de produtos químicos"
04461753;"ATRAI INDUSTRIA DE ADITIVOS DE CONCRETO LTDA";SAO PAULO;2023;dentro;"Produção de substâncias e fabricação de produtos químicos"
68441567;"ATREVIDA COMERCIO DE PRODUTOS DE LIMPEZA LTDA";SAO PAULO;2025;dentro;"Fabricação de preparados para limpeza e polimento, desinfetantes, inseticidas, germicidas e fungicidas"
29581789;"AUDAZ SERVICOS AMBIENTAIS LTDA.";RIO GRANDE DO SUL;2025;dentro;"Produção de substâncias e fabricação de produtos químicos"
26856312;"AUG QUIMICA LTDA";SAO PAULO;2024;dentro;"Produção de substâncias e fabricação de produtos químicos"
35981107;"AURHORA ANÁLISES QUÍMICAS LTDA";SAO PAULO;2024;dentro;"Produção de substâncias e fabricação de produtos químicos"
56395189;"AURO'S QUIMICA INDUSTRIA E COMERCIO LTDA";SAO PAULO;2025;dentro;"Produção de substâncias e fabricação de produtos químicos"
44911669;"AVIM INDUSTRIA E COMERCIO DE FERTILIZANTES ORGANOMINERAIS LTDA";SAO PAULO;2022;dentro;"Fabricação de fertilizantes e agroquímicos"
12916768;"AVIVACOR TINTAS E REVESTIMENTOS EIRELI - ME";SAO PAULO;2023;dentro;"Fabricação de tintas, esmaltes, lacas, vernizes, impermeabilizantes, solventes e secantes"
59596908;"AW FABER CASTELL SA";SAO PAULO;2025;dentro;"Fabricação de tintas, esmaltes, lacas, vernizes, impermeabilizantes, solventes e secantes | Produção de substâncias e fabricação de produtos químicos | Fabricação de perfumarias e cosméticos"
43500834;"AWETA PRODUTOS QUIMICOS LTDA.";SAO PAULO;2024;dentro;"Produção de substâncias e fabricação de produtos químicos"
10943022;"AXAIEL COMÉRCIO DE PRODUTOS DE LIMPEZA LTDA - ME";SAO PAULO;2023;dentro;"Fabricação de sabões, detergentes e velas"
09640163;"AZUL RESINAS EIRELI EPP";SAO PAULO;2025;dentro;"Fabricação de resinas e de fibras e fios artificiais e sintéticos e de borracha e  látex sintéticos"
22077005;"AZZO INDUSTRIA E COMERCIO DE COMESTICOS LTDA -ME";CEARA;2025;dentro;"Prod. de substâncias e fab. de prod químicos - Res. CONAMA 463/2014 / Res. CONAMA 472/2015 | Fabricação de perfumarias e cosméticos"
33778280;"BAKVEL COMERCIO DE PRODUTOS DE LIMPEZA LTDA";PARAIBA;2024;dentro;"Fabricação de preparados para limpeza e polimento, desinfetantes, inseticidas, germicidas e fungicidas"
38853859;"BAL QUIMICA INDUSTRIA E COMERCIO LTDA";SAO PAULO;2025;dentro;"Fabricação de tintas, esmaltes, lacas, vernizes, impermeabilizantes, solventes e secantes"
28704484;"BALTAR IND. COMÉRCIO E SERV.TÉC LTDA";RIO DE JANEIRO;2024;dentro;"Fabricação de preparados para limpeza e polimento, desinfetantes, inseticidas, germicidas e fungicidas"
07153447;"BAND QUIMICA LTDA";PARANA;2025;dentro;"Fabricação de sabões, detergentes e velas"
26600131;"BARAO INDUSTRIA DE TINTAS LTDA.";RIO GRANDE DO SUL;2024;dentro;"Fabricação de tintas, esmaltes, lacas, vernizes, impermeabilizantes, solventes e secantes"
60554102;"BARAO KOBO INDUSTRIA E COMERCIO EIRELI";SAO PAULO;2025;dentro;"fabricação de preparados para limpeza e polimento, desinfetantes, inseticidas, germicidas e fungicidas - saneantes de uso domissanitários | Fabricação de preparados para limpeza e polimento, desinfetantes, inseticidas, germicidas e fungicidas"
08942467;"BASE - INDUSTRIA E COMERCIO DE INSUMOS AGRICOLAS LTDA";SAO PAULO;2023;dentro;"Fabricação de fertilizantes e agroquímicos"
04412452;"BÁSICO AROMA 2007 IND. E COM. DE AROMAS LTDA.";RIO DE JANEIRO;2024;dentro;"Produção de substâncias e fabricação de produtos químicos"
21316093;"BASKER ADITIVOS INDUSTRIAIS LTDA";SAO PAULO;2025;dentro;"Prod. de substâncias e fab. de prod químicos - Res. CONAMA 463/2014 / Res. CONAMA 472/2015"
52979290;"BATI INDUSTRIAL E COMERCIAL LTDA";SAO PAULO;2024;dentro;"Fabricação de tintas, esmaltes, lacas, vernizes, impermeabilizantes, solventes e secantes"
49351786;"BAXTER HOSPITALAR LTDA";SAO PAULO;2024;dentro;"Fabricação de produtos farmacêuticos e veterinários | Produção de substâncias e fabricação de produtos químicos"
27310917;"BB INDÚSTRIA E COMÉRCIO LTDA";RIO DE JANEIRO;2023;dentro;"Fabricação de sabões, detergentes e velas"
31158176;"BBR AGRO SUPLEMENTOS LTDA";PARANA;2025;dentro;"Recuperação e refino de solventes, óleos minerais, vegetais e animais"
52547823;"BEDETTI COMERCIO E DISTRIBUICAO DE TINTAS LTDA";SAO PAULO;2025;dentro;"Fabricação de tintas, esmaltes, lacas, vernizes, impermeabilizantes, solventes e secantes"
30473597;"BELLOACRILICOS - INDUSTRIA E COMERCIO DE RESINA ACRILICA LTDA";SAO PAULO;2025;dentro;"Produção de substâncias e fabricação de produtos químicos"
49885168;"BELLOPOLIMEROS INDUSTRIA E COMERCIO LTDA";SAO PAULO;2024;dentro;"Produção de substâncias e fabricação de produtos químicos"
05778461;"BENEFICIAMENTOS FONSECA LTDA";MINAS GERAIS;2025;dentro;"Fabricação de fertilizantes e agroquímicos"
40845570;"BENZOQUIMICA INDUSTRIA E COMERCIO DE PRODUTOS QUIMICOS LTDA";PERNAMBUCO;2025;dentro;"Fabricação de sabões, detergentes e velas"
21042390;"BERACA INGREDIENTES NATURAIS LTDA.";PARA;2024;dentro;"Produção de óleos, gorduras, ceras, vegetais e animais, óleos essenciais, vegetais e produtos similares, da destilação da madeira | Produção de substâncias e fabricação de produtos químicos"
04872717;"BERG COMERCIAL LTDA- EPP";SAO PAULO;2025;dentro;"Produção de substâncias e fabricação de produtos químicos"
78835956;"BERNER INDÚSTRIA QUÍMICA LTDA";SANTA CATARINA;2023;dentro;"Produção de substâncias e fabricação de produtos químicos"
21674154;"BETTER INDÚSTRIA E COMÉRCIO LTDA";SAO PAULO;2023;dentro;"Fabricação de produtos derivados do processamento de petróleo, de rochas betuminosas e da madeira"
01485949;"BIANCAL INDÚSTRIA E COMÉRCIO DE CAL LTDA";RIO DE JANEIRO;2023;dentro;"Produção de substâncias e fabricação de produtos químicos"
27330359;"BIBLIOTECA DE COMPOSTOS ORGÂNICOS - PESQUISAS E ANÁLISES EM QUÍMICA LTDA";SAO PAULO;2023;dentro;"Produção de substâncias e fabricação de produtos químicos"
38500857;"BIG POWER PRODUTOS DE LIMPEZA LTDA";SAO PAULO;2024;dentro;"Fabricação de preparados para limpeza e polimento, desinfetantes, inseticidas, germicidas e fungicidas"
33287231;"BIO HANUSCH BIOTECNOLOGIA LTDA";PARANA;2024;dentro;"Fabricação de fertilizantes e agroquímicos"
00524679;"BIO QUALITY PRODUTOS ECOLOGICOS LTDA";SAO PAULO;2024;dentro;"Fabricação de sabões, detergentes e velas"
10858661;"BIO TAE INDUSTRIA E COMERCIO DE INGREDIENTES, PRODUTOS E SOLUCOES NATURAIS LTDA";SAO PAULO;2024;dentro;"Fabricação de concentrados aromáticos naturais, artificiais e sintéticos | Fabricação de produtos farmacêuticos e veterinários | Produção de substâncias e fabricação de produtos químicos"
56225229;"BIOARX PRODUTOS MEDICOS LTDA";SAO PAULO;2024;dentro;"Produção de substâncias e fabricação de produtos químicos"
67822411;"BIOCENTER INDÚSTRIA E COMÉRCIO DE REVESTIMENTOS LTDA EPP";SAO PAULO;2025;dentro;"Fabricação de tintas, esmaltes, lacas, vernizes, impermeabilizantes, solventes e secantes"
01815686;"BIOCHEMICAL PRODUTOS QUIMICOS LTDA";SAO PAULO;2024;dentro;"fabricação de preparados para limpeza e polimento, desinfetantes, inseticidas, germicidas e fungicidas - saneantes de uso domissanitários | Produção de substâncias e fabricação de produtos químicos | Fabricação de preparados para limpeza e polimento, desinfetantes, inseticidas, germicidas e fungicidas"
47816023;"BIOCOR INDUSTRI E COMERCIO DE TINTAS E REVESTIMENTOS LTDA";SAO PAULO;2023;dentro;"Fabricação de tintas, esmaltes, lacas, vernizes, impermeabilizantes, solventes e secantes"
08793343;"BIOENERGETICA VALE DO PARACATU S.A";MINAS GERAIS;2025;dentro;"Fabricação de combustíveis não derivados de petróleo"
04498081;"BIOFLEX COMPONENTES PARA CALÇADOS LTDA";SAO PAULO;2024;dentro;"Prod. de substâncias e fab. de prod químicos - Res. CONAMA 463/2014 / Res. CONAMA 472/2015"
19526914;"BIOGAS ECO INVEST PARTICIPACOES E PROJETOS LTDA";SANTA CATARINA;2022;dentro;"Fabricação de combustíveis não derivados de petróleo"
37126191;"BIOILHA PRODUTOS NATURAIS DA AMAZÔNIA LTDA.";PARA;2025;dentro;"Produção de substâncias e fabricação de produtos químicos"
52914006;"BIOLATUS AGROSCIENCE LTDA";SAO PAULO;2025;dentro;"Fabricação de fertilizantes e agroquímicos"
07575510;"BIOMAR PRODUTOS QUÍMICOS LTDA ME";SAO PAULO;2024;dentro;"Fabricação de fertilizantes e agroquímicos"
07801309;"BIOMATIKA IND. COM. PROD. NATURAIS S/A";CEARA;2025;dentro;"Fabricação de perfumarias e cosméticos | Produção de substâncias e fabricação de produtos químicos | Fabricação de concentrados aromáticos naturais, artificiais e sintéticos"
33040635;"BIOMERIEUX BRASIL INDÚSTRIA E COMÉRCIO DE PRODUTOS LABORATORIAIS LTDA";RIO DE JANEIRO;2024;dentro;"Produção de substâncias e fabricação de produtos químicos | Fabricação de produtos farmacêuticos e veterinários"
06074511;"BIOS - DIAGNOSTICA INDUSTRIA E COMERCIO DE PRODUTOS BIOLOGICOS LTDA";SAO PAULO;2024;dentro;"Produção de substâncias e fabricação de produtos químicos"
02534069;"BIOTÉCNICA INDÚSTRIA E COMÉRCIO LTDA.";MINAS GERAIS;2025;dentro;"Produção de substâncias e fabricação de produtos químicos | Fabricação de produtos farmacêuticos e veterinários"
53359824;"BLANVER FARMOQUIMICA E FARMACEUTICA S.A.";SAO PAULO;2025;dentro;"Produção de substâncias e fabricação de produtos químicos | Fabricação de produtos farmacêuticos e veterinários"
01484431;"BLASCAR INDÚSTRIA E COMÉRCIO LTDA - ME";SAO PAULO;2024;dentro;"Fabricação de tintas, esmaltes, lacas, vernizes, impermeabilizantes, solventes e secantes"
31586952;"BLAUERMANN TECNOLOGIA EM HIGIENE LTDA";SANTA CATARINA;2022;dentro;"Fabricação de preparados para limpeza e polimento, desinfetantes, inseticidas, germicidas e fungicidas | Fabricação de sabões, detergentes e velas"
10552918;"BLEED´S CHEMICAL IND. DE PROD.DE HIGIENE E LIMPEZA-ME";MINAS GERAIS;2024;dentro;"Fabricação de preparados para limpeza e polimento, desinfetantes, inseticidas, germicidas e fungicidas"
05753434;"BLUE DENT DENTAL INDUSTRIA, COMERCIO, IMPORTACAO E EXPORTACAO LTDA";SAO PAULO;2025;dentro;"Produção de substâncias e fabricação de produtos químicos"
39750616;"BLUE SKY INDUSTRIA E COMERCIO LTDA";SAO PAULO;2022;dentro;"Fabricação de tintas, esmaltes, lacas, vernizes, impermeabilizantes, solventes e secantes"
04958554;"BLUEWAY TRADING IMPORTACAO E EXPORTACAO S.A.";RIO DE JANEIRO;2025;dentro;"Fabricação de produtos derivados do processamento de petróleo, de rochas betuminosas e da madeira"
82640368;"BLUMENAU QUÍMICA LTDA.";SANTA CATARINA;2024;dentro;"Fabricação de preparados para limpeza e polimento, desinfetantes, inseticidas, germicidas e fungicidas"
06959959;"BLUQUIMI INDUSTRIA QUIMICA LTDA";SANTA CATARINA;2025;dentro;"Recuperação e refino de solventes, óleos minerais, vegetais e animais | Fabricação de tintas, esmaltes, lacas, vernizes, impermeabilizantes, solventes e secantes | Produção de substâncias e fabricação de produtos químicos"
23539670;"BLUSOL TRANSPORTES E COMERCIO DE SOLVENTES EIRELI - ME";SANTA CATARINA;2025;dentro;"Recuperação e refino de solventes, óleos minerais, vegetais e animais"
11092881;"BOM SUCESSO AGROINDUSTRIA S/A";GOIAS;2025;dentro;"Produção de álcool etílico, metanol e similares"
12310950;"BORELLI INDUSTRIA E COMERCIO DE TINTAS LTDA";SAO PAULO;2023;dentro;"Fabricação de tintas, esmaltes, lacas, vernizes, impermeabilizantes, solventes e secantes"
03177859;"BORLEN INDUSTRIA QUIMICA LTDA";MINAS GERAIS;2025;dentro;"Produção de substâncias e fabricação de produtos químicos"
01606231;"BOSQUIROLI & SANTOS LTDA.";PARANA;2023;dentro;"Fabricação de preparados para limpeza e polimento, desinfetantes, inseticidas, germicidas e fungicidas"
16872196;"BOTANIC DO BRASIL";DISTRITO FEDERAL;2024;dentro;"Fabricação de perfumarias e cosméticos | Fabricação de preparados para limpeza e polimento, desinfetantes, inseticidas, germicidas e fungicidas"
27044610;"BOUTIQUE DAS CORES - INDUSTRIA E COMERCIO DE TINTAS LTDA";SAO PAULO;2022;dentro;"Fabricação de tintas, esmaltes, lacas, vernizes, impermeabilizantes, solventes e secantes"
04515058;"BQI BAHIA QUÍMICA INDUSTRIAL LTDA";BAHIA;2025;dentro;"Fabricação de sabões, detergentes e velas"
22250011;"BRANTINTAS IND DE TEXTURAS E TINTAS LTDA-ME";SAO PAULO;2025;dentro;"Fabricação de tintas, esmaltes, lacas, vernizes, impermeabilizantes, solventes e secantes"
08319371;"BRASCHLOR PRODUTOS QUIMICOS LTDA";SAO PAULO;2025;dentro;"Produção de substâncias e fabricação de produtos químicos"
10535766;"BRASIL CARBONOS SA";SAO PAULO;2025;dentro;"Fabricação de produtos derivados do processamento de petróleo, de rochas betuminosas e da madeira"
11888128;"BRASILIS INDÚSTRIA E COM.DE PLÁSTICOS LTDA - EPP";SAO PAULO;2022;dentro;"Fabricação de resinas e de fibras e fios artificiais e sintéticos e de borracha e  látex sintéticos"
00493562;"BRASQUIL QUIMICA BRASILEIRA LTDA ME";SANTA CATARINA;2022;dentro;"Fabricação de preparados para limpeza e polimento, desinfetantes, inseticidas, germicidas e fungicidas | Fabricação de concentrados aromáticos naturais, artificiais e sintéticos"
06133273;"BRASQUIMICA PRODUTOS QUIMICOS LTDA";MINAS GERAIS;2025;dentro;"Fabricação de preparados para limpeza e polimento, desinfetantes, inseticidas, germicidas e fungicidas"
11930381;"BRAZO ENGENHARIA LTDA";SAO PAULO;2024;dentro;"Fabricação de tintas, esmaltes, lacas, vernizes, impermeabilizantes, solventes e secantes | Fabricação de resinas e de fibras e fios artificiais e sintéticos e de borracha e  látex sintéticos"
39494492;"BRG INDUSTRIA E COMERCIO DE SILICONE LTDA";SAO PAULO;2025;dentro;"Fabricação de resinas e de fibras e fios artificiais e sintéticos e de borracha e  látex sintéticos"
19140147;"BRING SOLUTIONS LTDA";SAO PAULO;2022;dentro;"Fabricação de concentrados aromáticos naturais, artificiais e sintéticos"
10934443;"BRS QUÍMICA LTDA";RIO GRANDE DO SUL;2025;dentro;"Fabricação de sabões, detergentes e velas"
05157970;"BRUNI INDÚSTRIA E COMÉRCIO DE PRODUTOS QUMICOS LTDA";SAO PAULO;2024;dentro;"Fabricação de tintas, esmaltes, lacas, vernizes, impermeabilizantes, solventes e secantes"
79305439;"BV QUIMICA LTDA EPP";SANTA CATARINA;2025;dentro;"fabricação de preparados para limpeza e polimento, desinfetantes, inseticidas, germicidas e fungicidas - saneantes de uso domissanitários | Fabricação de preparados para limpeza e polimento, desinfetantes, inseticidas, germicidas e fungicidas"
00700191;"C & R INDUSTRIA E COMERCIO DE COSMETICOS LTDA ME";SAO PAULO;2024;dentro;"Fabricação de concentrados aromáticos naturais, artificiais e sintéticos"
00269667;"C L GOBBI";BAHIA;2023;dentro;"Fabricação de sabões, detergentes e velas | Produção de substâncias e fabricação de produtos químicos | Fabricação de preparados para limpeza e polimento, desinfetantes, inseticidas, germicidas e fungicidas | fabricação de preparados para limpeza e polimento, desinfetantes, inseticidas, germicidas e fungicidas - saneantes de uso domissanitários"
07917278;"C. NERI DOS SANTOS EIRELI - CN QUALITY";BAHIA;2023;dentro;"Fabricação de preparados para limpeza e polimento, desinfetantes, inseticidas, germicidas e fungicidas | fabricação de preparados para limpeza e polimento, desinfetantes, inseticidas, germicidas e fungicidas - saneantes de uso domissanitários"
04162105;"C.A.E. INDÚSTRIA E COMÉRCIO DE PRODUTOS QUÍMICOS LTDA";PARANA;2025;dentro;"Produção de substâncias e fabricação de produtos químicos"
06021345;"C.R.E. COMERCIO DE RESINAS LTDA";SANTA CATARINA;2025;dentro;"Fabricação de resinas e de fibras e fios artificiais e sintéticos e de borracha e  látex sintéticos"
07996345;"CAÇU COMERCIO E INDUSTRIA DE AÇUCAR E ALCOOL LTDA";GOIAS;2022;dentro;"Fabricação de combustíveis não derivados de petróleo"
28789210;"CAD RESINAS EIRELI";SAO PAULO;2023;dentro;"Produção de óleos, gorduras, ceras, vegetais e animais, óleos essenciais, vegetais e produtos similares, da destilação da madeira"
55090971;"CAFEALCOOL AGROINDUSTRIAL LTDA - EM RECUPERAÇAO JUDICIAL";SAO PAULO;2025;dentro;"Produção de álcool etílico, metanol e similares | Fabricação de combustíveis não derivados de petróleo"
29149966;"CAMA INBOX INDUSTRIA E COMERCIO DE MOVEIS LTDA";PARANA;2024;dentro;"Fabricação de resinas e de fibras e fios artificiais e sintéticos e de borracha e  látex sintéticos"
07061124;"CAMAQUÃ DISTRIBUIDORA DE GENEROS ALIMENTICIOS LTDA";RIO GRANDE DO SUL;2023;dentro;"Fabricação de combustíveis não derivados de petróleo"
09022388;"CAMBUI AÇUCAR E ALCOOL LTDA";GOIAS;2025;dentro;"Produção de álcool etílico, metanol e similares"
20058453;"CANEX BIOENERGIA LTDA";RIO GRANDE DO SUL;2025;dentro;"Produção de álcool etílico, metanol e similares"
34517663;"CAPTOLEO CAPTACAO DE OLEO LTDA";SAO PAULO;2023;dentro;"Recuperação e refino de solventes, óleos minerais, vegetais e animais"
03828695;"CARBO GAS LTDA";PERNAMBUCO;2022;dentro;"Produção de substâncias e fabricação de produtos químicos"
27293143;"CARBO60 INDÚSTRIA E COMÉRCIO DE PRODUTOS QUÍMICOS LTDA ME";SAO PAULO;2025;dentro;"Fabricação de sabões, detergentes e velas | Produção de substâncias e fabricação de produtos químicos"
02640179;"CARBONOS BRASILEIROS LTDA.";SANTA CATARINA;2025;dentro;"Fabricação de produtos derivados do processamento de petróleo, de rochas betuminosas e da madeira | fabricação de produtos derivados do processamento de petróleo - Resolução CONAMA nº 362/205"
57886974;"CARE BIOCHAR BRASIL LTDA.";MINAS GERAIS;2025;dentro;"Fabricação de fertilizantes e agroquímicos"
05583876;"CARNAUBA DO BRASIL LTDA";CEARA;2025;dentro;"Produção de óleos, gorduras, ceras, vegetais e animais, óleos essenciais, vegetais e produtos similares, da destilação da madeira"
01532214;"CARPIM COMERCIO E IND.LTDA ME";ESPIRITO SANTO;2024;dentro;"Fabricação de combustíveis não derivados de petróleo"
52420968;"CARVALHO E FREITAS FERTILIZANTES AGRÍCOLAS LTDA";SAO PAULO;2024;dentro;"Fabricação de fertilizantes e agroquímicos"
01341906;"CARVÃO BEIRA RIO";RIO GRANDE DO SUL;2024;dentro;"Fabricação de produtos derivados do processamento de petróleo, de rochas betuminosas e da madeira | Produção de óleos, gorduras, ceras, vegetais e animais, óleos essenciais, vegetais e produtos similares, da destilação da madeira"
61120566;"CARVÃO BOQUEIRÃO LTDA";RIO GRANDE DO SUL;2025;dentro;"Fabricação de produtos derivados do processamento de petróleo, de rochas betuminosas e da madeira"
36753413;"CARVAO CALIFORNIA LTDA";TOCANTINS;2023;dentro;"Produção de óleos, gorduras, ceras, vegetais e animais, óleos essenciais, vegetais e produtos similares, da destilação da madeira"
24517386;"CARVÃO LOURENÇO LTDA-ME";PARANA;2023;dentro;"Produção de óleos, gorduras, ceras, vegetais e animais, óleos essenciais, vegetais e produtos similares, da destilação da madeira"
44594895;"CARVOARIA SANTO ANTONIO LTDA";PARANA;2023;dentro;"Produção de óleos, gorduras, ceras, vegetais e animais, óleos essenciais, vegetais e produtos similares, da destilação da madeira"
48563101;"CASA CALMA LTDA";SAO PAULO;2025;dentro;"Fabricação de preparados para limpeza e polimento, desinfetantes, inseticidas, germicidas e fungicidas"
06218782;"CASA DO ASFALTO DISTR. IND. E COMERCIO DE ASFALTO LTDA.";PARANA;2025;dentro;"Fabricação de produtos derivados do processamento de petróleo, de rochas betuminosas e da madeira"
33109356;"CASA GRANADO LABORATORIOS FARMACIAS E DROGARIAS S.A";RIO DE JANEIRO;2025;dentro;"Fabricação de sabões, detergentes e velas | Fabricação de perfumarias e cosméticos | Fabricação de produtos farmacêuticos e veterinários"
37848595;"CBB - COMPANHIA BIOENERGÉTICA BRASILEIRA";GOIAS;2024;dentro;"Produção de álcool etílico, metanol e similares"
82381815;"CBB IND.E COM.DE ASFALTOS E ENGENHARIA LTDA";PARANA;2025;dentro;"Fabricação de produtos derivados do processamento de petróleo, de rochas betuminosas e da madeira"
40367856;"CCD COSMETICA CIETIF DERM COM E IND LTDA";RIO DE JANEIRO;2025;dentro;"Produção de substâncias e fabricação de produtos químicos"
02722329;"CECLEAN INDUSTRIA E COMÉRCIO LTDA ME";SAO PAULO;2023;dentro;"Fabricação de preparados para limpeza e polimento, desinfetantes, inseticidas, germicidas e fungicidas"
46273637;"CECON - CENTRO DE CONTROLE E PRODUTOS P/DIAGNÓSTICOS LTDA";SAO PAULO;2024;dentro;"Produção de substâncias e fabricação de produtos químicos"
03935576;"CEDRO QUIMICA LTDA - EPP";SANTA CATARINA;2025;dentro;"Fabricação de sabões, detergentes e velas"
12718011;"CENTRAL ACUCAREIRA SANTO ANTONIO S/A";ALAGOAS;2024;dentro;"Produção de álcool etílico, metanol e similares"
45765914;"CENTRAL ENERGETICA MORENO ACUCAR E ALCOOL LTDA";SAO PAULO;2025;dentro;"Produção de álcool etílico, metanol e similares | Fabricação de combustíveis não derivados de petróleo"
04171382;"CENTRAL ENERGETICA MORENO DE MONTE APRAZIVEL AÇÚCAR E ÁLCOOL LTDA.";SAO PAULO;2025;dentro;"Produção de álcool etílico, metanol e similares | Fabricação de combustíveis não derivados de petróleo"
07130855;"CENTRAL ENERGÉTICA MORRINHOS S/A";GOIAS;2025;dentro;"Fabricação de combustíveis não derivados de petróleo | Produção de álcool etílico, metanol e similares"
02896264;"CENTROALCOOL S/A";GOIAS;2025;dentro;"Produção de álcool etílico, metanol e similares"
00185688;"CERASMEL RELUMAY BENEFICIAMENTO INDÚSTRIA E COMÉRCIO DE CERAS LTDA ME";SAO PAULO;2025;dentro;"Produção de óleos, gorduras, ceras, vegetais e animais, óleos essenciais, vegetais e produtos similares, da destilação da madeira | Fabricação de perfumarias e cosméticos"
53653242;"CERBA DESTILARIA DE ÁLCOOL LTDA.";SAO PAULO;2025;dentro;"Produção de álcool etílico, metanol e similares"
07825834;"CEREALE BRASIL AGROINDUSTRIAL LTDA";SAO PAULO;2025;dentro;"Produção de álcool etílico, metanol e similares | Fabricação de combustíveis não derivados de petróleo"
07086487;"CEVA VETERINÁRIA S/A";MINAS GERAIS;2025;dentro;"Fabricação de produtos farmacêuticos e veterinários | Produção de substâncias e fabricação de produtos químicos"
13983109;"CHEIROS DO VALE LTDA";SANTA CATARINA;2024;dentro;"Fabricação de preparados para limpeza e polimento, desinfetantes, inseticidas, germicidas e fungicidas"
09069184;"CHEM4U INDÚSTRIA E COMÉRCIO DE EQUIPAMENTOS E PRODUTOS QUÍMICOS LTDA.";SAO PAULO;2025;dentro;"Recuperação e refino de solventes, óleos minerais, vegetais e animais | Produção de substâncias e fabricação de produtos químicos"
80816143;"CHEMSYSTEM QUÍMICA PREVENTIVA LTDA";PARANA;2024;dentro;"Produção de substâncias e fabricação de produtos químicos"
61363032;"CHIESI FARMACÊUTICA LTDA";SAO PAULO;2025;dentro;"Fabricação de produtos farmacêuticos e veterinários | Produção de substâncias e fabricação de produtos químicos"
43282374;"CHLORUM GUAIBA INDUSTRIA E COMERCIO DE CLORO E ALCALIS LTDA";RIO GRANDE DO SUL;2025;dentro;"Produção de substâncias e fabricação de produtos químicos"
10620397;"CHRISPIN PINTOR TINTAS COMÉRCIO E SERVIÇOS LTDA.";SAO PAULO;2023;dentro;"Fabricação de tintas, esmaltes, lacas, vernizes, impermeabilizantes, solventes e secantes"
11470361;"CIN 3A INDÚSTRIA E COMÉRCIO LTDA";GOIAS;2024;dentro;"Fabricação de sabões, detergentes e velas"
18933677;"CITOL INDUSTRIA DE TRATAMENTO DE OLEO S.A.";SAO PAULO;2025;dentro;"Recuperação e refino de solventes, óleos minerais, vegetais e animais"
10368907;"CLAREZA - PRODUTOS DE LIMPEZA LTDA";SANTA CATARINA;2024;dentro;"Fabricação de sabões, detergentes e velas"
10867842;"CLARIM QUIMICA LTDA - ME";PARANA;2025;dentro;"Fabricação de preparados para limpeza e polimento, desinfetantes, inseticidas, germicidas e fungicidas"
83778274;"CLICHERIA BLUMENAU LTDA";SANTA CATARINA;2025;dentro;"Recuperação e refino de solventes, óleos minerais, vegetais e animais"
01298012;"CLORO ARACRUZ FABRICACAO DE PRODUTOS LTDA";ESPIRITO SANTO;2025;dentro;"Fabricação de preparados para limpeza e polimento, desinfetantes, inseticidas, germicidas e fungicidas"
44373108;"COCAL COMERCIO INDUSTRIA CANNA ACUCAR E ALCOOL";SAO PAULO;2025;dentro;"Fabricação de combustíveis não derivados de petróleo"
61806505;"COCAL PASSA TEMPO AGROINDUSTRIAL S.A";MATO GROSSO DO SUL;2025;dentro;"Produção de álcool etílico, metanol e similares"
61806722;"COCAL RIO BRILHANTE AGROINDUSTRIAL S.A.";MATO GROSSO DO SUL;2025;dentro;"Produção de álcool etílico, metanol e similares"
02213491;"COCAMAR MAQUINAS GRICOLAS LTDA";PARANA;2025;dentro;"Fabricação de combustíveis não derivados de petróleo"
16583494;"COIMBRA INDUSTRIAL E MERCANTIL LTDA";MINAS GERAIS;2025;dentro;"Fabricação de preparados para limpeza e polimento, desinfetantes, inseticidas, germicidas e fungicidas"
34595930;"COLA PAULISTA EIRELI";SAO PAULO;2023;dentro;"Produção de substâncias e fabricação de produtos químicos"
17238252;"COLET AMBIENTAL - COLETA E COMERCIO DE OLEO USADO LTDA";PARANA;2023;dentro;"Recuperação e refino de solventes, óleos minerais, vegetais e animais"
61956983;"COLLOR QUIMICA LTDA-ME";SAO PAULO;2022;dentro;"Fabricação de tintas, esmaltes, lacas, vernizes, impermeabilizantes, solventes e secantes"
59243733;"COMANCHE BIOCOMBUSTÍVEIS DE SANTA ANITA LTDA";SAO PAULO;2025;dentro;"Fabricação de combustíveis não derivados de petróleo"
03908575;"COMERCIAL JC INDUSTRIA E COMERCIO DE PRODUTOS DE LIMPEZA LTDA";MINAS GERAIS;2025;dentro;"Fabricação de preparados para limpeza e polimento, desinfetantes, inseticidas, germicidas e fungicidas"
25031710;"COMERCIAL PARISOUZA DE CEREAIS E TRANSBORDO LTDA";PARANA;2023;dentro;"Recuperação e refino de solventes, óleos minerais, vegetais e animais"
04641081;"COMERCIAL SIMOURA LTDA";MINAS GERAIS;2025;dentro;"Fabricação de preparados para limpeza e polimento, desinfetantes, inseticidas, germicidas e fungicidas | fabricação de preparados para limpeza e polimento, desinfetantes, inseticidas, germicidas e fungicidas - saneantes de uso domissanitários"
16642662;"COMÉRCIO DE RESÍDUOS BANDEIRANTE LTDA.";MINAS GERAIS;2024;dentro;"Fabricação de resinas e de fibras e fios artificiais e sintéticos e de borracha e  látex sintéticos"
13031118;"COMPANHIA ADMINISTRADORA DA ZONA DE PROCESSAMENTO DE EXPORTAÇÃODE PARNAIBA - PI S/A";PIAUI;2025;dentro;"Produção de óleos, gorduras, ceras, vegetais e animais, óleos essenciais, vegetais e produtos similares, da destilação da madeira"
57494031;"COMPANHIA BRASILEIRA DE CARTUCHOS";SAO PAULO;2025;dentro;"Fabricação de pólvora, explosivos, detonantes, munição para caça e esporto, fósforo de Segurança e artigos pirotécnicos"
61082962;"COMPANHIA MELHORAMENTOS NORTE DO PARANA";PARANA;2025;dentro;"Fabricação de combustíveis não derivados de petróleo"
08974214;"COMPANHIA USINA SÃO JOÃO";PARAIBA;2024;dentro;"Fabricação de combustíveis não derivados de petróleo"
43757926;"COMPANY SAFIRA CLEAN LTDA";SAO PAULO;2024;dentro;"Fabricação de preparados para limpeza e polimento, desinfetantes, inseticidas, germicidas e fungicidas"
02125651;"COMPONENTS IMPORTAÇÃO E EXPORTAÇÃO LTDA";SANTA CATARINA;2023;dentro;"Fabricação de tintas, esmaltes, lacas, vernizes, impermeabilizantes, solventes e secantes"
05343207;"COMVAP AÇÚCAR E ÁLCOOL LTDA.";PIAUI;2025;dentro;"Produção de álcool etílico, metanol e similares | Fabricação de combustíveis não derivados de petróleo"
08475478;"CONCENTRADOS PARANÁ S/A.";AMAZONAS;2025;dentro;"Fabricação de concentrados aromáticos naturais, artificiais e sintéticos"
05287606;"CONCENTRE INDÚSTRIA E COMÉRCIO LTDA";AMAZONAS;2023;dentro;"Fabricação de concentrados aromáticos naturais, artificiais e sintéticos"
36356932;"CONFIANCE - TRATAMENTO DE AGUAS INDUSTRIAIS LTDA";SAO PAULO;2025;dentro;"Produção de substâncias e fabricação de produtos químicos"
00655209;"CONSORCIO DE ALUMINIO DO MARANHAOON";MARANHAO;2022;dentro;"Produção de substâncias e fabricação de produtos químicos"
08234805;"CONSTROLEO LUBRIFICANTES LTDA";SAO PAULO;2025;dentro;"Recuperação e refino de solventes, óleos minerais, vegetais e animais"
09022659;"CONTEC INDUSTRIA E COMÉRCIO LTDA.";RIO GRANDE DO SUL;2023;dentro;"Fabricação de produtos derivados do processamento de petróleo, de rochas betuminosas e da madeira"
04113566;"CONTINUUM CHEMICAL LATIN AMERICA LTDA.";SAO PAULO;2025;dentro;"fabricação de preparados para limpeza e polimento, desinfetantes, inseticidas, germicidas e fungicidas - saneantes de uso domissanitários | Produção de substâncias e fabricação de produtos químicos | Fabricação de preparados para limpeza e polimento, desinfetantes, inseticidas, germicidas e fungicidas"
10258246;"COOPERATIVA DO AGRONEGOCIO DA CANA DE ACUCAR";PERNAMBUCO;2022;dentro;"Fabricação de combustíveis não derivados de petróleo"
05866105;"COOPERATIVA DOS AGRICULTORES FAMILIARES E AGROEXTRATIVISTAS GRANDE SERTÃO LTDA";MINAS GERAIS;2023;dentro;"Produção de óleos, gorduras, ceras, vegetais e animais, óleos essenciais, vegetais e produtos similares, da destilação da madeira"
34671567;"COOPERATIVA DOS PRODUTORES DE CANA DE AÇÚCAR DA MATA SUL";PERNAMBUCO;2025;dentro;"Fabricação de combustíveis não derivados de petróleo"
77671147;"COPETROL IND. COM. DE PROD. QUÍMICOS LTDA";PARANA;2025;dentro;"fabricação de preparados para limpeza e polimento, desinfetantes, inseticidas, germicidas e fungicidas - saneantes de uso domissanitários | Fabricação de sabões, detergentes e velas"
05928246;"COPLASA AÇÚCAR E ÁLCOOL LTDA.";SAO PAULO;2025;dentro;"Produção de álcool etílico, metanol e similares | Fabricação de combustíveis não derivados de petróleo"
35592602;"CORDEIRO INDÚSTRIA DE PRODUTOS DE LIMPEZA LTDA EPP";SAO PAULO;2025;dentro;"Fabricação de preparados para limpeza e polimento, desinfetantes, inseticidas, germicidas e fungicidas"
80600406;"COROA QUÍMICA DO BRASIL LTDA.";PARANA;2025;dentro;"Fabricação de preparados para limpeza e polimento, desinfetantes, inseticidas, germicidas e fungicidas"
04405220;"COVENTYA QUÍMICA LTDA";SAO PAULO;2023;dentro;"Produção de substâncias e fabricação de produtos químicos | Prod. de substâncias e fab. de prod químicos - Res. CONAMA 463/2014 / Res. CONAMA 472/2015 | Fabricação de concentrados aromáticos naturais, artificiais e sintéticos"
58635517;"CPFL SERVIÇOS, EQUIPAMENTOS, INDUSTRIA E COMERCIO S/A";SAO PAULO;2025;dentro;"Recuperação e refino de solventes, óleos minerais, vegetais e animais"
10643537;"CRIATIVA INDÚSTRIA QUÍMICA EIRELI";PARANA;2023;dentro;"Recuperação e refino de solventes, óleos minerais, vegetais e animais | Fabricação de tintas, esmaltes, lacas, vernizes, impermeabilizantes, solventes e secantes"
44526838;"CRIS COMERCIAL LTDA.";SAO PAULO;2024;dentro;"Produção de substâncias e fabricação de produtos químicos"
07094960;"CRISTAL DO BRASIL IND DE PRODUTOS DE LIMPEZA LTDA";SANTA CATARINA;2022;dentro;"Fabricação de sabões, detergentes e velas"
37581346;"CRISTAL INDÚSTRIA QUÍMICA LTDA";SAO PAULO;2024;dentro;"Fabricação de perfumarias e cosméticos | Fabricação de sabões, detergentes e velas"
77867984;"CRISTAVEL INDUSTRIA E COMÉRCIO DE ATIVIDADES DOMÉSTICAS LTDA";PARANA;2023;dentro;"Fabricação de sabões, detergentes e velas"
31186879;"CROMANIL INDUSTRIA E COMÉRCIO DE TINTAS EIRELI";SAO PAULO;2024;dentro;"Fabricação de tintas, esmaltes, lacas, vernizes, impermeabilizantes, solventes e secantes"
48815073;"CRUZEIRO DO SUL INDUSTRIA E COMERCIO DE ARTIGOS PIROTECNICOS LTDA";MINAS GERAIS;2024;dentro;"Fabricação de pólvora, explosivos, detonantes, munição para caça e esporto, fósforo de Segurança e artigos pirotécnicos | Produção de substâncias e fabricação de produtos químicos"
03937452;"CRV INDUSTRIAL LTDA";MINAS GERAIS;2025;dentro;"Produção de álcool etílico, metanol e similares"
81116360;"CURIFEST COMÉRCIO DE ARTIGOS DE FESTA EIRELI";PARANA;2023;dentro;"Fabricação de sabões, detergentes e velas"
39886442;"CYPRESS QUÍMICA LIMITADA";SAO PAULO;2025;dentro;"Fabricação de preparados para limpeza e polimento, desinfetantes, inseticidas, germicidas e fungicidas"
02950439;"CYVAN PRODUTOS QUIMICOS LTDA";MINAS GERAIS;2022;dentro;"Produção de substâncias e fabricação de produtos químicos"
16824384;"CYZ REVESTIMENTOS LTDA";PARANA;2025;dentro;"Fabricação de tintas, esmaltes, lacas, vernizes, impermeabilizantes, solventes e secantes"
06109251;"D & K EQUIPAMENTOS E LUBRIFICANTES LTDA - EPP";SAO PAULO;2025;dentro;"Fabricação de produtos derivados do processamento de petróleo, de rochas betuminosas e da madeira"
19065334;"D ALINE MODESTO";SAO PAULO;2022;dentro;"Fabricação de fertilizantes e agroquímicos"
62248034;"D.J. REI IND. E COM. DE PRODUTOS DE LIMPEZA LTDA";SAO PAULO;2023;dentro;"Fabricação de preparados para limpeza e polimento, desinfetantes, inseticidas, germicidas e fungicidas"
54213764;"D'JUAN-COLCHOES INDUSTRIA E COMERCIO LTDA";SAO PAULO;2025;dentro;"Fabricação de resinas e de fibras e fios artificiais e sintéticos e de borracha e  látex sintéticos"
08110543;"DA MATA S/A AÇÚCAR E ÁLCOOL";SAO PAULO;2025;dentro;"Produção de álcool etílico, metanol e similares | Fabricação de combustíveis não derivados de petróleo"
75444430;"DACALDA AÇÚCAR E ÁLCOOL LTDA";PARANA;2025;dentro;"Produção de álcool etílico, metanol e similares"
13650028;"DAILTON SIMÃO DE GOVEIA - ME";SAO PAULO;2022;dentro;"Fabricação de sabões, detergentes e velas"
55726728;"DALILA V VIDAL LTDA";PARA;2025;dentro;"Fabricação de resinas e de fibras e fios artificiais e sintéticos e de borracha e  látex sintéticos"
38455972;"DAMATSU INDUSTRIA E COMERCIO DE FERTILIZANTES LTDA";SAO PAULO;2023;dentro;"Fabricação de fertilizantes e agroquímicos"
17869587;"DAMFI-DESTILARIA ANTONIO MONTI FILHO LTDA";MINAS GERAIS;2025;dentro;"Produção de álcool etílico, metanol e similares"
46709211;"DARA CRISTAIS E REVESTIMENTOS LTDA";SAO PAULO;2025;dentro;"Fabricação de tintas, esmaltes, lacas, vernizes, impermeabilizantes, solventes e secantes"
18054379;"DASA - DESTILARIA DE ÁLCOOL SERRA AIMORES S/A";MINAS GERAIS;2024;dentro;"Produção de álcool etílico, metanol e similares | Fabricação de combustíveis não derivados de petróleo"
04585532;"DAX OIL REFINO S/A";BAHIA;2025;dentro;"Fabricação de produtos derivados do processamento de petróleo, de rochas betuminosas e da madeira | fabricação de produtos derivados do processamento de petróleo - Resolução CONAMA nº 362/205"
03837075;"DAY ECOSYSTEMS INDUSTRIA QUIMICA LTDA";SANTA CATARINA;2024;dentro;"Recuperação e refino de solventes, óleos minerais, vegetais e animais"
79578266;"DECHRA BRASIL PRODUTOS VETERINARIOS LTDA.";PARANA;2025;dentro;"Fabricação de produtos farmacêuticos e veterinários | Produção de substâncias e fabricação de produtos químicos"
12254596;"DECORCRIL CONCEITO E DESIGN LTDA";SAO PAULO;2023;dentro;"Fabricação de tintas, esmaltes, lacas, vernizes, impermeabilizantes, solventes e secantes"
23181510;"DEION CENTRO DE DISTRIBUIÇÃO LTDA";PARANA;2024;dentro;"Fabricação de sabões, detergentes e velas"
18490915;"DELLACOR INDUSTRIA E COMERCIO DE TINTAS E TEXTURAS LTDA EPP";SAO PAULO;2024;dentro;"Fabricação de tintas, esmaltes, lacas, vernizes, impermeabilizantes, solventes e secantes"
71322523;"DELOS DESTILARIA LOPES DA SILVA LTDA";SAO PAULO;2025;dentro;"Produção de álcool etílico, metanol e similares"
00303353;"DENGO IND. E COM. DE PRODUTOS DE LIMPEZA LTDA ME";SANTA CATARINA;2024;dentro;"Fabricação de sabões, detergentes e velas"
25265400;"DENTELINE INDUSTRIA DE PRODUTOS ODONTOLOGICOS LTDA";PARANA;2025;dentro;"Produção de substâncias e fabricação de produtos químicos"
31116239;"DENTSPLY INDÚSTRIA E COMÉRCIO LTDA";SAO PAULO;2025;dentro;"Fabricação de produtos farmacêuticos e veterinários | Produção de substâncias e fabricação de produtos químicos | Fabricação de resinas e de fibras e fios artificiais e sintéticos e de borracha e  látex sintéticos | Fabricação de perfumarias e cosméticos"
00595322;"DENUSA DESTILARIA NOVA UNIÃO S/A";GOIAS;2025;dentro;"Fabricação de combustíveis não derivados de petróleo"
50227255;"DESTILARIA ÁGUA BONITA LTDA";SAO PAULO;2025;dentro;"Produção de álcool etílico, metanol e similares"
23931896;"DESTILARIA AURORA LTDA - ME";SAO PAULO;2023;dentro;"Fabricação de preparados para limpeza e polimento, desinfetantes, inseticidas, germicidas e fungicidas"
11143171;"DESTILARIA BAURU LTDA";SAO PAULO;2025;dentro;"Produção de óleos, gorduras, ceras, vegetais e animais, óleos essenciais, vegetais e produtos similares, da destilação da madeira"
00297598;"DESTILARIA DE ÁlCOOL LIBRA LTDA - EM RECUPERACAO JUDICI";MATO GROSSO;2025;dentro;"Produção de álcool etílico, metanol e similares | Fabricação de combustíveis não derivados de petróleo | Produção de substâncias e fabricação de produtos químicos"
49605157;"DESTILARIA LONDRA LTDA";SAO PAULO;2024;dentro;"Produção de álcool etílico, metanol e similares | Fabricação de combustíveis não derivados de petróleo"
19138012;"DESTILARIA QUÍMICA LTDA";RIO GRANDE DO SUL;2025;dentro;"Recuperação e refino de solventes, óleos minerais, vegetais e animais"
09074319;"DESTILARIA SERRA LTDA";MINAS GERAIS;2025;dentro;"Produção de óleos, gorduras, ceras, vegetais e animais, óleos essenciais, vegetais e produtos similares, da destilação da madeira"
07459492;"DESTILARIA VALE DO PARACATU AGROENERGIA S.A.";MINAS GERAIS;2024;dentro;"Produção de álcool etílico, metanol e similares"
10452413;"DESTILARIA VEREDAS INDUSTRIA DE ACUCAR E ALCOOL LT";MINAS GERAIS;2025;dentro;"Produção de álcool etílico, metanol e similares"
05488942;"DETERGEX COMÉRCIO DE PRODUTOS DE LIMPEZA LTDA - ME";RIO GRANDE DO SUL;2025;dentro;"Fabricação de preparados para limpeza e polimento, desinfetantes, inseticidas, germicidas e fungicidas"
09225083;"DEZ INDUSTRIA E COMÉRCIO DE PRODUTOS DE LIMPEZA LTDA";RIO GRANDE DO SUL;2024;dentro;"Fabricação de sabões, detergentes e velas"
01769773;"DHERMON ESSÊNCIAS INDÚSTRIA LTDA";SAO PAULO;2023;dentro;"Fabricação de preparados para limpeza e polimento, desinfetantes, inseticidas, germicidas e fungicidas"
01866908;"DIAGNO SOLUÇOES EM DIAGNÓSTICO LTDA";MINAS GERAIS;2024;dentro;"Produção de substâncias e fabricação de produtos químicos"
01328819;"DIAMANTE LTDA";MINAS GERAIS;2025;dentro;"Fabricação de pólvora, explosivos, detonantes, munição para caça e esporto, fósforo de Segurança e artigos pirotécnicos"
47227902;"DIAMANTE SOLUÇÕES PARA HIGIENIZAÇÃO E LIMPEZA LTDA - ME";SAO PAULO;2024;dentro;"Fabricação de sabões, detergentes e velas"
71015853;"DIAMED LATINO AMERICA S.A";MINAS GERAIS;2025;dentro;"Fabricação de produtos farmacêuticos e veterinários | Produção de substâncias e fabricação de produtos químicos"
45902707;"DIANA BIOENERGIA AVANHANDAVA SA";SAO PAULO;2025;dentro;"Fabricação de combustíveis não derivados de petróleo | Produção de álcool etílico, metanol e similares"
46375894;"DIB QUIMICA LTDA";SAO PAULO;2025;dentro;"Produção de substâncias e fabricação de produtos químicos"
04097456;"DIMPLE INDUSTRIA E COM DE PROD. AUTOMOTIVO LTDA ME";SAO PAULO;2025;dentro;"Fabricação de sabões, detergentes e velas"
46163309;"DIPROL QUIMICA LTDA";SAO PAULO;2025;dentro;"Fabricação de sabões, detergentes e velas"
13026462;"DIRETA INDUSTRIA E COMERCIO DE SANEANTES LTDA";SAO PAULO;2025;dentro;"Fabricação de sabões, detergentes e velas | Fabricação de preparados para limpeza e polimento, desinfetantes, inseticidas, germicidas e fungicidas"
46548083;"DISTRIBUIDOR ARLAFOR AGENTE REDUTOR LIQUIDO DE NOX AUTOMOTIVO LTDA";BAHIA;2022;dentro;"Produção de substâncias e fabricação de produtos químicos"
41420939;"DISTRIBUIDORA OURO PRETO LTDA";CEARA;2025;dentro;"Fabricação de produtos derivados do processamento de petróleo, de rochas betuminosas e da madeira"
42957490;"DIVINO COMÉRCIO DE GASES LTDA. - EPP";SAO PAULO;2025;dentro;"Produção de substâncias e fabricação de produtos químicos"
22266961;"DKN QUIMICA DO BRASIL LTDA";SAO PAULO;2023;dentro;"Fabricação de preparados para limpeza e polimento, desinfetantes, inseticidas, germicidas e fungicidas"
26606526;"DM INDUSTRIA E COMERCIO DE SANEANTES LTDA";PARANA;2025;dentro;"Fabricação de sabões, detergentes e velas | Fabricação de preparados para limpeza e polimento, desinfetantes, inseticidas, germicidas e fungicidas"
68919158;"DNC INDUSTRIAL CAMPINAS LTDA";SAO PAULO;2024;dentro;"Fabricação de produtos derivados do processamento de petróleo, de rochas betuminosas e da madeira"
02314031;"DOM BOSCO INDUSTRIA DE VELAS E COMERCIO LTDA";ESPIRITO SANTO;2024;dentro;"Fabricação de sabões, detergentes e velas"
10529480;"DOMO DO BRASIL INDÚSTRIA DE FRAGRÂNCIAS EIRELI";SAO PAULO;2023;dentro;"Fabricação de concentrados aromáticos naturais, artificiais e sintéticos"
53670709;"DOVER DO BRASIL LTDA.";SAO PAULO;2025;dentro;"Fabricação de tintas, esmaltes, lacas, vernizes, impermeabilizantes, solventes e secantes"
11243356;"DUBAI INDUSTRIA E COMERCIO DE TINTAS E VERNIZES LTDA";SAO PAULO;2024;dentro;"Fabricação de tintas, esmaltes, lacas, vernizes, impermeabilizantes, solventes e secantes"
07078832;"DURA TINTAS E REVESTIMENTOS LTDA ME";SAO PAULO;2024;dentro;"Fabricação de tintas, esmaltes, lacas, vernizes, impermeabilizantes, solventes e secantes"
42553897;"DYE TEX INDUSTRIA DE TINTAS LTDA";PARAIBA;2024;dentro;"Fabricação de tintas, esmaltes, lacas, vernizes, impermeabilizantes, solventes e secantes"
08780305;"E.E INDÚSTRIA E COMÉRCIO DE PRODUTOS PARA HIGIENE EIRELI - EPP";SAO PAULO;2023;dentro;"Fabricação de sabões, detergentes e velas"
54289312;"EASYMIX INDUSTRIAL LTDA.";SAO PAULO;2024;dentro;"Fabricação de tintas, esmaltes, lacas, vernizes, impermeabilizantes, solventes e secantes"
25189745;"ECCOLUX TINTAS LTDA";SAO PAULO;2025;dentro;"Fabricação de tintas, esmaltes, lacas, vernizes, impermeabilizantes, solventes e secantes"
10641889;"ECO - OLEO COMERCIO DE OLEOS VEGETAIS LTDA";SAO PAULO;2025;dentro;"Recuperação e refino de solventes, óleos minerais, vegetais e animais"
72688484;"ECO QUIMICA INDUSTRIA HIGIENISTA LTDA.";SAO PAULO;2025;dentro;"Fabricação de preparados para limpeza e polimento, desinfetantes, inseticidas, germicidas e fungicidas | Fabricação de perfumarias e cosméticos"
31995604;"ECOBIO COMERCIO E SERVIÇOS DE TRATAMENTO DE RESIDUOS LTDA - EPP";AMAZONAS;2024;dentro;"Recuperação e refino de solventes, óleos minerais, vegetais e animais"
14210136;"ECODET QUÍMICA LTDA";SAO PAULO;2023;dentro;"Fabricação de preparados para limpeza e polimento, desinfetantes, inseticidas, germicidas e fungicidas"
79905436;"ECOFLEX FÁBRICA DE ESPUMAS E COLCHÕES LTDA";SANTA CATARINA;2025;dentro;"Fabricação de produtos derivados do processamento de petróleo, de rochas betuminosas e da madeira"
18265581;"ECOLUB PRODUTOS QUIMICOS LTDA - EPP";SAO PAULO;2025;dentro;"Fabricação de produtos derivados do processamento de petróleo, de rochas betuminosas e da madeira"
14791264;"ECOLUBRI INDÚSTRIA E COMÉRCIO DE LUBRIFICANTES LTDA";SAO PAULO;2025;dentro;"Fabricação de produtos derivados do processamento de petróleo, de rochas betuminosas e da madeira"
19249066;"ECOR QUIMICA EIRELI - EPP";SAO PAULO;2023;dentro;"Fabricação de tintas, esmaltes, lacas, vernizes, impermeabilizantes, solventes e secantes"
07635101;"ECOTRAT SERVICO ADMINISTRATIVO LTDA";SAO PAULO;2022;dentro;"Fabricação de fertilizantes e agroquímicos"
12917791;"EDINALDO DE SOUSA & CIA LTDA";SAO PAULO;2025;dentro;"Recuperação e refino de solventes, óleos minerais, vegetais e animais"
14571371;"EDIR COUTINHO ROCHA SANTOS PRODUTOS DE LIMPEZA";SAO PAULO;2024;dentro;"Fabricação de preparados para limpeza e polimento, desinfetantes, inseticidas, germicidas e fungicidas | Fabricação de sabões, detergentes e velas"
02128146;"EDIVALDO C.DA SILVA";SAO PAULO;2022;dentro;"Fabricação de preparados para limpeza e polimento, desinfetantes, inseticidas, germicidas e fungicidas"
04434547;"EDUARDO SAITO";SAO PAULO;2024;dentro;"Produção de substâncias e fabricação de produtos químicos"
72711583;"EFFECTUS INDUSTRIA E COMERCIO LTDA";SAO PAULO;2022;dentro;"Fabricação de tintas, esmaltes, lacas, vernizes, impermeabilizantes, solventes e secantes"
19170833;"EKKOS QUIMICA LTDA ME";PARANA;2025;dentro;"Fabricação de preparados para limpeza e polimento, desinfetantes, inseticidas, germicidas e fungicidas"
12144091;"EKOTEK ESPECIALIDADES QUÍMICAS IND E COM LTDA -ME";SAO PAULO;2022;dentro;"Fabricação de sabões, detergentes e velas"
81747313;"EL QUIMICA IND E COM DE PRODUTOS QUIMICOS LTDA";PARANA;2024;dentro;"Fabricação de sabões, detergentes e velas"
67769935;"ELECTROCHEMICAL INDUSTRIA E COMERCIO DE PROD QUIMICOS LTDA";SAO PAULO;2025;dentro;"Produção de substâncias e fabricação de produtos químicos"
02844315;"ELECTROGOLDD INDUSTRIA E COMERCIO DE PRODUTOS QUIMICOS LTDA";RIO GRANDE DO SUL;2025;dentro;"Produção de substâncias e fabricação de produtos químicos"
29021445;"ELISANGELA APARECIDA BOFF TARIFA";SAO PAULO;2023;dentro;"Produção de substâncias e fabricação de produtos químicos"
44170258;"ELPI QUIMICA INDÚSTRIA E COMERCIO LTDA";SANTA CATARINA;2024;dentro;"Produção de substâncias e fabricação de produtos químicos"
62417282;"ELVIN LUBRIFICANTES INDÚSTRIA E COMÉCIO LTDA.";SAO PAULO;2025;dentro;"Fabricação de produtos derivados do processamento de petróleo, de rochas betuminosas e da madeira | Produção de substâncias e fabricação de produtos químicos"
04570580;"EMEX - EMPRESA MINEIRA DE EXPLOSIVOS LTDA";MINAS GERAIS;2024;dentro;"Fabricação de pólvora, explosivos, detonantes, munição para caça e esporto, fósforo de Segurança e artigos pirotécnicos"
01293210;"EMPRESA BRASILEIRA DE BIOTECNOLOGIA MINERAL LTDA";GOIAS;2023;dentro;"Fabricação de preparados para limpeza e polimento, desinfetantes, inseticidas, germicidas e fungicidas"
33346586;"EMPRESA CARIOCA DE PRODUTOS QUIMICOS S/A";BAHIA;2025;dentro;"Produção de substâncias e fabricação de produtos químicos"
57507378;"EMS S/A";SAO PAULO;2024;dentro;"Fabricação de produtos farmacêuticos e veterinários | Produção de substâncias e fabricação de produtos químicos"
37216363;"ENERGETICA SANTA HELENA S/A";MATO GROSSO DO SUL;2025;dentro;"Produção de álcool etílico, metanol e similares | Fabricação de combustíveis não derivados de petróleo"
19527639;"ENERGISA MINAS RIO - DISTRIBUIDORA DE ENERGIA S.A.";MINAS GERAIS;2025;dentro;"Recuperação e refino de solventes, óleos minerais, vegetais e animais"
07115880;"ENERGISA SOLUÇÕES S.A.";MINAS GERAIS;2024;dentro;"Recuperação e refino de solventes, óleos minerais, vegetais e animais"
10531379;"ENERGY CHEMICALS DO BRASIL INDUSTRIA E COMERCIO LTDA";SERGIPE;2022;dentro;"Produção de substâncias e fabricação de produtos químicos"
38248576;"ENERGY PETRO INDUSTRIA E COMERCIO DE LUBRIFICANTES LTDA";SAO PAULO;2025;dentro;"Fab. de prod deriv do processam. de petróleo, de rochas betumin e da madeira - Res CONAMA 362/2005: art. 2º, XIV"
28506986;"ENERGY SOURCE INDÚSTRIA COMÉRCIO IMPORTAÇÃO E EXPORTAÇÃO LTDA.";SAO PAULO;2024;dentro;"Produção de substâncias e fabricação de produtos químicos"
02411997;"ENVASEPLUS ENVASAMENTOS DE PRODUTOS LIQUIDOS E PASTOSOS LTDA";RIO DE JANEIRO;2024;dentro;"produção de óleos - Resolução CONAMA nº 362/2005 | Fab. de prod deriv do processam. de petróleo, de rochas betumin e da madeira - Res CONAMA 362/2005: art. 2º, XIV"
11005016;"EPOSS TECNOLOGIAS E INOVAÇÕES IND. COM. LTDA";SANTA CATARINA;2024;dentro;"Fabricação de fertilizantes e agroquímicos"
15513805;"EPOXI FORMARE LTDA";SAO PAULO;2024;dentro;"Fabricação de tintas, esmaltes, lacas, vernizes, impermeabilizantes, solventes e secantes"
14454311;"EPTALAM INDUSTRIA, COMERCIO, IMPORTAÇÃO E EXPORTAÇÃO DE TINTAS LTDA";SAO PAULO;2022;dentro;"Fabricação de tintas, esmaltes, lacas, vernizes, impermeabilizantes, solventes e secantes"
47799238;"ESAC SOLUCOES QUIMICAS LTDA";PARANA;2023;dentro;"Produção de substâncias e fabricação de produtos químicos"
03074936;"ESP PISOS INDUSTRIAIS COMERCIO IMPORTACAO E EXPORTACAO LTDA";SAO PAULO;2025;dentro;"Fabricação de tintas, esmaltes, lacas, vernizes, impermeabilizantes, solventes e secantes"
46034549;"ESSENCIAL AGRO ÓLEOS ESSENCIAIS E FRAGRÂNCIAS LTDA";SAO PAULO;2023;dentro;"Produção de óleos, gorduras, ceras, vegetais e animais, óleos essenciais, vegetais e produtos similares, da destilação da madeira"
36036852;"ETÍLICA ÁLCOOL NEUTRO DE CEREAIS";SAO PAULO;2025;dentro;"Produção de álcool etílico, metanol e similares"
09055035;"EUROQUIM INDUSTRIA E COMERCIO DE TINTAS LTDA";PARANA;2025;dentro;"Fabricação de tintas, esmaltes, lacas, vernizes, impermeabilizantes, solventes e secantes"
02867761;"EUROTECHNIKER INDÚSTRIA E COMÉRCIO LTDA";SAO PAULO;2024;dentro;"fabricação de preparados para limpeza e polimento, desinfetantes, inseticidas, germicidas e fungicidas - saneantes de uso domissanitários | Fabricação de preparados para limpeza e polimento, desinfetantes, inseticidas, germicidas e fungicidas"
50259360;"EVERMAT S/A";MATO GROSSO;2025;dentro;"Fabricação de combustíveis não derivados de petróleo"
44136221;"EVODEN INDUSTRIA COM IMP EXP DE PRODUTOS ODONTOLOGICOS LTDA";SAO PAULO;2023;dentro;"Fabricação de resinas e de fibras e fios artificiais e sintéticos e de borracha e  látex sintéticos"
03477131;"EVOLUB EVOLUÇAO LUBRIFICANTES LTDA EPP";MINAS GERAIS;2025;dentro;"Fabricação de produtos derivados do processamento de petróleo, de rochas betuminosas e da madeira"
19642184;"EVOXX TINTAS INDUSTRIA E COMERCIO LTDA - EPP";SAO PAULO;2023;dentro;"Fabricação de tintas, esmaltes, lacas, vernizes, impermeabilizantes, solventes e secantes | Fabricação de resinas e de fibras e fios artificiais e sintéticos e de borracha e  látex sintéticos"
10234751;"EXTRAPAR - EXTRAÇÃO DE ÓLEO DO PARÁ LTDA";PARA;2024;dentro;"Produção de óleos, gorduras, ceras, vegetais e animais, óleos essenciais, vegetais e produtos similares, da destilação da madeira"
07679594;"EXXTRABRIL IND. COM. PRODUTOS PARA LIMPEZA LTDA";RIO GRANDE DO SUL;2025;dentro;"Fabricação de sabões, detergentes e velas"
68306646;"F B MIX INDUSTRIA E COMERCIO DE PLASTICOS LTDA.";SAO PAULO;2025;dentro;"Fabricação de resinas e de fibras e fios artificiais e sintéticos e de borracha e  látex sintéticos"
31799071;"F. S. DE MORAIS - TINTAS - EIRELI ME";SAO PAULO;2025;dentro;"Fabricação de tintas, esmaltes, lacas, vernizes, impermeabilizantes, solventes e secantes"
25237254;"FAB INDÚSTRIA E COMÉRCIO DE PRODUTOS PARA ARTES E FESTAS LTDA";SAO PAULO;2025;dentro;"Produção de substâncias e fabricação de produtos químicos"
00737735;"FABER TECNOLOGIA INDUSTRIA E COMERCIO LTDA";MINAS GERAIS;2025;dentro;"Fabricação de tintas, esmaltes, lacas, vernizes, impermeabilizantes, solventes e secantes"
35568051;"FABIO MICHALCHESZEN";PARANA;2023;dentro;"Produção de óleos, gorduras, ceras, vegetais e animais, óleos essenciais, vegetais e produtos similares, da destilação da madeira"
07471516;"FABRICA CERA CASSIMIRO E CIA LTDA EPP";CEARA;2022;dentro;"Produção de óleos, gorduras, ceras, vegetais e animais, óleos essenciais, vegetais e produtos similares, da destilação da madeira"
52890019;"FÁBRICA DE VELAS SÃO DOMINGOS LTDA";SAO PAULO;2025;dentro;"Fabricação de sabões, detergentes e velas"
03823685;"FABRICOLOR DO BRASIL PRODUTOS SERIGRÁFICOS LTDA";PARAIBA;2025;dentro;"Fabricação de tintas, esmaltes, lacas, vernizes, impermeabilizantes, solventes e secantes"
04003410;"FAROL LABORATORIO, MAQUINAS, EQUIPAMENTOS E PROCESSOS QUIMICOS LTDA - ME";RIO GRANDE DO SUL;2024;dentro;"Produção de substâncias e fabricação de produtos químicos"
31223017;"FAST FACILITY SOLUTIONS INDUSTRIA COMERCIO E SERVIÇOS LTDA.";SAO PAULO;2025;dentro;"Produção de substâncias e fabricação de produtos químicos"
08830263;"FATIMA DO SUL AGRO ENERGETICA S/A ALCOOL E ACUCAR";MATO GROSSO DO SUL;2025;dentro;"Produção de álcool etílico, metanol e similares"
28400538;"FAW INDUSTRIA E COMERCIO IMPORTACAO E EXPORTACAO DE AROMAS LTDA";SAO PAULO;2025;dentro;"Fabricação de concentrados aromáticos naturais, artificiais e sintéticos"
22024268;"FBC INDÚSTRIA E COMÉRCIO DE DOMISSANITARIOS LTDA";SAO PAULO;2024;dentro;"Fabricação de preparados para limpeza e polimento, desinfetantes, inseticidas, germicidas e fungicidas"
03404401;"FC QUÍMICA LTDA";RIO GRANDE DO SUL;2024;dentro;"Fabricação de preparados para limpeza e polimento, desinfetantes, inseticidas, germicidas e fungicidas"
51032034;"FEDERAL DEDETIZADORA E CONTROLE DE PRAGAS LTDA";MINAS GERAIS;2025;dentro;"Fabricação de preparados para limpeza e polimento, desinfetantes, inseticidas, germicidas e fungicidas"
33849518;"FELICITA IMPORTADORA E DISTRIBUIDORA DE ALIMENTOS LTDA";SAO PAULO;2025;dentro;"Produção de substâncias e fabricação de produtos químicos"
31918179;"FENIX FABRICAÇÃO DE CARVÃO ECOLÓGICO LTDA";SANTA CATARINA;2024;dentro;"Fabricação de produtos derivados do processamento de petróleo, de rochas betuminosas e da madeira"
52250166;"FENIX INDUSTRIA DE BIOCOMBUSTIVEL LTDA";MATO GROSSO;2024;dentro;"Fabricação de combustíveis não derivados de petróleo"
07129183;"FERNANDES HANAUER DISTRIBUICAO COMERCIAL DE PERFUMES LTDA";RIO GRANDE DO SUL;2022;dentro;"Fabricação de preparados para limpeza e polimento, desinfetantes, inseticidas, germicidas e fungicidas | Fabricação de perfumarias e cosméticos"
07557223;"FERREIRA QUEIROZ INDUSTRIA DE TINTAS LTDA";MINAS GERAIS;2025;dentro;"Fabricação de tintas, esmaltes, lacas, vernizes, impermeabilizantes, solventes e secantes"
59272849;"FERRO ENAMEL DO BRASIL INDÚSTRIA E COMÉRCIO LTDA";SAO PAULO;2022;dentro;"Produção de substâncias e fabricação de produtos químicos | Fabricação de produtos derivados do processamento de petróleo, de rochas betuminosas e da madeira"
53386683;"FERTALVO INDUSTRIA E COMERCIO DE FERTILIZANTE LTDA";MATO GROSSO;2025;dentro;"Fabricação de fertilizantes e agroquímicos"
30381884;"FERTILE AGROSCIENCES LTDA";SAO PAULO;2024;dentro;"Fabricação de fertilizantes e agroquímicos"
06116572;"FERTILIZANTES TANAKA INDUSTRIA E COMERCIO LTDA";SAO PAULO;2024;dentro;"Fabricação de fertilizantes e agroquímicos"
21207176;"FERTILIZARE LTDA";PARANA;2025;dentro;"Fabricação de fertilizantes e agroquímicos"
10350401;"FIBERBUS IND. COM. DE FIBRAS DE VIDRO LTDA";SAO PAULO;2025;dentro;"Fabricação de resinas e de fibras e fios artificiais e sintéticos e de borracha e  látex sintéticos"
80326143;"FILTROIL TRATAMENTO DE RESÍDUOS INDUSTRIAIS LTDA";PARANA;2024;dentro;"Recuperação e refino de solventes, óleos minerais, vegetais e animais | produção de óleos - Resolução CONAMA nº 362/2005 | Fab. de prod deriv do processam. de petróleo, de rochas betumin e da madeira - Res CONAMA 362/2005: art. 2º, XIV"
04643290;"FLEXTINTAS INDÚSTRIA E COMÉRCIO LTDA";SAO PAULO;2024;dentro;"Fabricação de tintas, esmaltes, lacas, vernizes, impermeabilizantes, solventes e secantes | Produção de substâncias e fabricação de produtos químicos"
11470269;"FLIPOOL IND. E COM. DE PRODUTOS DE LIMPEZA LTDA-ME";SAO PAULO;2024;dentro;"Fabricação de preparados para limpeza e polimento, desinfetantes, inseticidas, germicidas e fungicidas"
53445114;"FLORENCE INDUSTRIA DE PRODUTOS DE LIMPEZA LTDA";SANTA CATARINA;2025;dentro;"Fabricação de preparados para limpeza e polimento, desinfetantes, inseticidas, germicidas e fungicidas"
04644388;"FLORESTA DA SERRA INDÚSTRIA E COMÉRCIO LTDA";PARAIBA;2025;dentro;"Fabricação de preparados para limpeza e polimento, desinfetantes, inseticidas, germicidas e fungicidas"
08048772;"FLORESTA S/A ACUCAR E ALCOOL";GOIAS;2025;dentro;"Fabricação de combustíveis não derivados de petróleo"
24371740;"FMS PRODUTOS QUÍMICOS LTDA";SAO PAULO;2024;dentro;"Fabricação de sabões, detergentes e velas | Fabricação de preparados para limpeza e polimento, desinfetantes, inseticidas, germicidas e fungicidas | Recuperação e refino de solventes, óleos minerais, vegetais e animais"
48493368;"FOGOS DRAGÃO LTDA";MINAS GERAIS;2024;dentro;"Fabricação de pólvora, explosivos, detonantes, munição para caça e esporto, fósforo de Segurança e artigos pirotécnicos"
71024459;"FOGOS LIDER LTDA";MINAS GERAIS;2025;dentro;"Fabricação de pólvora, explosivos, detonantes, munição para caça e esporto, fósforo de Segurança e artigos pirotécnicos"
07743262;"FOGOS MAIS LTDA";MINAS GERAIS;2025;dentro;"Fabricação de pólvora, explosivos, detonantes, munição para caça e esporto, fósforo de Segurança e artigos pirotécnicos"
18742021;"FOGOS PIROMANIA INDUSTRIA E COMERCIO LTDA EPP";MINAS GERAIS;2025;dentro;"Fabricação de pólvora, explosivos, detonantes, munição para caça e esporto, fósforo de Segurança e artigos pirotécnicos"
03817963;"FOGOS PIROMAX LTDA.";MINAS GERAIS;2025;dentro;"Fabricação de pólvora, explosivos, detonantes, munição para caça e esporto, fósforo de Segurança e artigos pirotécnicos"
02071290;"FOGOS PLANALTO LTDA";MINAS GERAIS;2022;dentro;"Fabricação de pólvora, explosivos, detonantes, munição para caça e esporto, fósforo de Segurança e artigos pirotécnicos"
17142522;"FOGOS SABIÁ INDÚSTRIA COMÉRCIO E EXPORTAÇÃO LTDA";MINAS GERAIS;2024;dentro;"Fabricação de pólvora, explosivos, detonantes, munição para caça e esporto, fósforo de Segurança e artigos pirotécnicos"
17157497;"FOGOS SUPER SHOW INDUSTRIA E COMERCIO LTDA-ME";MINAS GERAIS;2025;dentro;"Fabricação de pólvora, explosivos, detonantes, munição para caça e esporto, fósforo de Segurança e artigos pirotécnicos | Produção de substâncias e fabricação de produtos químicos"
10638359;"FOGOS VELOZ INDÚSTRIA COMÉRCIO IMPORTAÇÃO E EXPORTAÇÃO LTDA";MINAS GERAIS;2023;dentro;"Fabricação de pólvora, explosivos, detonantes, munição para caça e esporto, fósforo de Segurança e artigos pirotécnicos"
08941169;"FOLLE COMÉRCIO DE ÓLEOS SATURADOS EIRELI";RIO GRANDE DO SUL;2023;dentro;"Recuperação e refino de solventes, óleos minerais, vegetais e animais"
44404120;"FONCEPI CERAS NATURAIS LTDA";CEARA;2025;dentro;"Produção de óleos, gorduras, ceras, vegetais e animais, óleos essenciais, vegetais e produtos similares, da destilação da madeira"
06596985;"FONCEPI NATURAL WAXES LTDA.";PIAUI;2025;dentro;"Produção de óleos, gorduras, ceras, vegetais e animais, óleos essenciais, vegetais e produtos similares, da destilação da madeira"
02363761;"FORÇA QUIMICA LTDA";MINAS GERAIS;2022;dentro;"fabricação de preparados para limpeza e polimento, desinfetantes, inseticidas, germicidas e fungicidas - saneantes de uso domissanitários | Fabricação de preparados para limpeza e polimento, desinfetantes, inseticidas, germicidas e fungicidas"
90045865;"FÓRMULA QUÍMICA LTDA";RIO GRANDE DO SUL;2024;dentro;"Fabricação de tintas, esmaltes, lacas, vernizes, impermeabilizantes, solventes e secantes | Produção de substâncias e fabricação de produtos químicos"
09294407;"FORTTINOX INDUSTRIA QUIMICA E SERVIÇOS LTDA ME";SAO PAULO;2023;dentro;"Prod. de substâncias e fab. de prod químicos - Res. CONAMA 463/2014 / Res. CONAMA 472/2015 | Fabricação de preparados para limpeza e polimento, desinfetantes, inseticidas, germicidas e fungicidas"
42867921;"FRANCIELLE KARINE FERREIRA DE OLIVEIRA MARTINS";SAO PAULO;2024;dentro;"Fabricação de tintas, esmaltes, lacas, vernizes, impermeabilizantes, solventes e secantes"
00404607;"FRANCISCO DE ASSIS DE ALENCAR FREITAS - EPP";CEARA;2024;dentro;"Fabricação de sabões, detergentes e velas | Fabricação de produtos derivados do processamento de petróleo, de rochas betuminosas e da madeira"
53402541;"FREEDOM COSMETICOS LTDA.";SAO PAULO;2025;dentro;"Fabricação de perfumarias e cosméticos | Produção de substâncias e fabricação de produtos químicos"
10641011;"FREITAS ALCOOL INDUSTRIA E COMERCIO - EIRELI";SAO PAULO;2025;dentro;"Produção de álcool etílico, metanol e similares"
42605812;"FRESH ESSENCE COMÉRCIO E INDÚSTRIA DE DIFUSORES E VELAS AROMÁTICAS LTDA";SAO PAULO;2023;dentro;"Fabricação de sabões, detergentes e velas"
06331267;"FRONT QUIMICA INDUSTRIAL E COMERCIAL LTDA - EPP";SAO PAULO;2025;dentro;"fabricação de preparados para limpeza e polimento, desinfetantes, inseticidas, germicidas e fungicidas - saneantes de uso domissanitários | Fabricação de preparados para limpeza e polimento, desinfetantes, inseticidas, germicidas e fungicidas"
39250224;"FRUTECH INDUSTRIA E COMERCIO DE CERAS LTDA";SAO PAULO;2023;dentro;"Produção de óleos, gorduras, ceras, vegetais e animais, óleos essenciais, vegetais e produtos similares, da destilação da madeira"
42881405;"FS LUBRIFICANTES LTDA";PARAIBA;2023;dentro;"Fabricação de produtos derivados do processamento de petróleo, de rochas betuminosas e da madeira"
30452935;"FUNCIONAL TINTAS LTDA";SAO PAULO;2025;dentro;"Fabricação de tintas, esmaltes, lacas, vernizes, impermeabilizantes, solventes e secantes"
43640754;"FUNDAÇAO PARA O REMEDIO POPULAR - FURP";SAO PAULO;2024;dentro;"Fabricação de produtos farmacêuticos e veterinários | Fabricação de tintas, esmaltes, lacas, vernizes, impermeabilizantes, solventes e secantes"
38969440;"FUZETTO INDUSTRIA E COMERCIO DE PASTA MECANICA LTDA";SAO PAULO;2025;dentro;"fabricação de preparados para limpeza e polimento, desinfetantes, inseticidas, germicidas e fungicidas - saneantes de uso domissanitários | Fabricação de preparados para limpeza e polimento, desinfetantes, inseticidas, germicidas e fungicidas"
10339739;"FW INDUSTRIA E COMERCIO DE PRODUTOS DE HIGIENE S.A";SANTA CATARINA;2023;dentro;"Fabricação de perfumarias e cosméticos | Fabricação de preparados para limpeza e polimento, desinfetantes, inseticidas, germicidas e fungicidas"
01383712;"G L G A - PRODUTOS E SERVICOS PARA GALVANOPLASTIA LTDA";SAO PAULO;2025;dentro;"Produção de substâncias e fabricação de produtos químicos"
08605120;"G PISOS INDUSTRIA DE REVESTIMENTOS E COMERCIO VAREJSTA E PRESTAÇÃO DE SERVIÇOS LTDA- ME";MINAS GERAIS;2025;dentro;"Fabricação de tintas, esmaltes, lacas, vernizes, impermeabilizantes, solventes e secantes"
04784966;"G STUDIO INDUS TRIA COMERCIO EXPORTACAO E IMPORTACAO LTDA";CEARA;2024;dentro;"Fabricação de sabões, detergentes e velas"
05655046;"G. L. SGOTI PRODUTOS PARA COURO LTDA";SAO PAULO;2024;dentro;"Produção de substâncias e fabricação de produtos químicos | Fabricação de tintas, esmaltes, lacas, vernizes, impermeabilizantes, solventes e secantes"
36531879;"GALENA INDUSTRIA E COMERCIO LTDA";RIO DE JANEIRO;2025;dentro;"Fabricação de sabões, detergentes e velas"
09417798;"GALLANT DO BRASIL COMERCIAL LTDA";RIO DE JANEIRO;2025;dentro;"Produção de óleos, gorduras, ceras, vegetais e animais, óleos essenciais, vegetais e produtos similares, da destilação da madeira"
55884712;"GALO QUÍMICA LTDA. - EPP";SAO PAULO;2025;dentro;"Fabricação de sabões, detergentes e velas"
10923509;"GDTECH INDUSTRIA QUIMICA LTDA";SANTA CATARINA;2024;dentro;"Produção de substâncias e fabricação de produtos químicos"
10771250;"GDTECH QUÍMICA INDUSTRIA LTDA";PARANA;2024;dentro;"Produção de substâncias e fabricação de produtos químicos"
20388757;"GELF SIDERURGIA S/A";MINAS GERAIS;2025;dentro;"Produção de substâncias e fabricação de produtos químicos | Fabricação de produtos derivados do processamento de petróleo, de rochas betuminosas e da madeira"
85034056;"GENERAL CHEMICALS E SERVICE LTDA - EPP";PARANA;2024;dentro;"Fabricação de preparados para limpeza e polimento, desinfetantes, inseticidas, germicidas e fungicidas"
13022664;"GERAIS TECNOLOGIA E SOLUCOES LTDA";MINAS GERAIS;2022;dentro;"Prod. de substâncias e fab. de prod químicos - Res. CONAMA 463/2014 / Res. CONAMA 472/2015"
06197674;"GERAQUÍMICA LTDA";SAO PAULO;2022;dentro;"Fabricação de fertilizantes e agroquímicos"
20352303;"GERSON J ZANELLA - ME";RIO GRANDE DO SUL;2022;dentro;"Prod. de substâncias e fab. de prod químicos - Res. CONAMA 463/2014 / Res. CONAMA 472/2015"
16868393;"GIGANTESHOP COMÉRCIO E IMPORTAÇÃO LTDA";SAO PAULO;2025;dentro;"Fabricação de preparados para limpeza e polimento, desinfetantes, inseticidas, germicidas e fungicidas"
03503253;"GILCIMAR DOS SANTOS CPF: 035.900.636-10 EPP";MINAS GERAIS;2025;dentro;"Fabricação de sabões, detergentes e velas"
18833828;"GLASS COATING IND. E COM. EIRELI";SAO PAULO;2022;dentro;"Fabricação de tintas, esmaltes, lacas, vernizes, impermeabilizantes, solventes e secantes"
00127012;"GLIMM INDUSTRIA E COMERCIO DE VELAS LTDA - EPP";SANTA CATARINA;2024;dentro;"Fabricação de produtos derivados do processamento de petróleo, de rochas betuminosas e da madeira | Fabricação de sabões, detergentes e velas"
20840483;"GLOBAL QUÍMICA EMBALAGENS E PRODUTOS QUÍMICOS EIRELI - ME";SAO PAULO;2024;dentro;"Fabricação de tintas, esmaltes, lacas, vernizes, impermeabilizantes, solventes e secantes | Recuperação e refino de solventes, óleos minerais, vegetais e animais"
20416182;"GMS INDUSTRIAL - EIRELI";PARANA;2024;dentro;"Fabricação de tintas, esmaltes, lacas, vernizes, impermeabilizantes, solventes e secantes"
13712454;"GNEL PRODUTOS QUÍMICOS LTDA";SAO PAULO;2025;dentro;"Fabricação de preparados para limpeza e polimento, desinfetantes, inseticidas, germicidas e fungicidas"
17173460;"GNR DOIS ARCOS VALORIZACAO DE BIOGAS S.A";RIO DE JANEIRO;2024;dentro;"Fabricação de combustíveis não derivados de petróleo"
21935485;"GO TRATCH AMBIENTAL E INFRAESTRUTURA S.A.";MINAS GERAIS;2024;dentro;"Prod. de substâncias e fab. de prod químicos - Res. CONAMA 463/2014 / Res. CONAMA 472/2015"
53554226;"GOBER INDUSTRIA E COMERCIO LTDA";SAO PAULO;2025;dentro;"Fabricação de tintas, esmaltes, lacas, vernizes, impermeabilizantes, solventes e secantes"
33142192;"GOIAS BIOENERGIA SA";GOIAS;2022;dentro;"Produção de álcool etílico, metanol e similares"
30524249;"GOLDCRIL TINTAS E TEXTURAS LTDA";GOIAS;2025;dentro;"Fabricação de tintas, esmaltes, lacas, vernizes, impermeabilizantes, solventes e secantes"
32077431;"GR POLIMEROS COMERCIAL LTDA";SAO PAULO;2022;dentro;"Produção de substâncias e fabricação de produtos químicos"
60479813;"GRAFTECH BRASIL PARTICIPAÇÕES LTDA";BAHIA;2025;dentro;"Produção de substâncias e fabricação de produtos químicos"
06971037;"GRANGEIRO & COELHO INDUSTRIA E COMERCIO DE MATERIAL DE LIMPEZA LTDA";CEARA;2025;dentro;"Fabricação de sabões, detergentes e velas"
27586035;"GRANILHA OESTE REVESTIMENTOS LTDA";SANTA CATARINA;2022;dentro;"Fabricação de tintas, esmaltes, lacas, vernizes, impermeabilizantes, solventes e secantes"
81616807;"GRANJA FARIA S.A";MINAS GERAIS;2025;dentro;"Fabricação de fertilizantes e agroquímicos"
15152708;"GRAPHINK DO BRASIL - SERVIÇOS GRAFICOS EIRELI";SAO PAULO;2025;dentro;"Fabricação de tintas, esmaltes, lacas, vernizes, impermeabilizantes, solventes e secantes"
01060176;"GRASSE AROMAS E INGREDIENTES LTDA";SAO PAULO;2022;dentro;"Fabricação de concentrados aromáticos naturais, artificiais e sintéticos"
33210025;"GREEN PCR INDUSTRIA E COMERCIO DE PLASTICOS LTDA";PARAIBA;2025;dentro;"Fabricação de resinas e de fibras e fios artificiais e sintéticos e de borracha e  látex sintéticos"
61733242;"GREENWOOD IND. E COM. LTDA";SAO PAULO;2025;dentro;"Fabricação de perfumarias e cosméticos | Fabricação de concentrados aromáticos naturais, artificiais e sintéticos"
52648498;"GRUPO TERRA BRASIL INDUSTRIA E COMERCIO LTDA";RIO GRANDE DO SUL;2023;dentro;"Produção de substâncias e fabricação de produtos químicos"
21583728;"GTECQ QUIMICA INDUSTRIA E COMERCIO LTDA";SAO PAULO;2025;dentro;"Produção de substâncias e fabricação de produtos químicos"
01571702;"HALEX ISTAR INDÚSTRIA FARMACÊUTICA S/A";GOIAS;2025;dentro;"Fabricação de produtos farmacêuticos e veterinários | Produção de substâncias e fabricação de produtos químicos"
29113481;"HAPPYNEIS INDÚSTRIA COMÉRCIO IMPORTAÇÃO DE PRODUTOS QUÍMICOS LTDA";RIO GRANDE DO SUL;2025;dentro;"Fabricação de preparados para limpeza e polimento, desinfetantes, inseticidas, germicidas e fungicidas"
49641863;"HAUROP GROUP INDUSTRIA E COMERCIO LTDA";SAO PAULO;2025;dentro;"Produção de substâncias e fabricação de produtos químicos"
22706991;"HAVA PRODUTOS QUIMICOS LTDA";MINAS GERAIS;2025;dentro;"Produção de substâncias e fabricação de produtos químicos"
02115291;"HEMISFERIO PRODUTOS TECNICOS E ENGENHARIA LTDA";SAO PAULO;2023;dentro;"Produção de substâncias e fabricação de produtos químicos"
19298100;"HENVI INDUSTRIA QUÍMICA";RIO GRANDE DO SUL;2022;dentro;"Fabricação de sabões, detergentes e velas"
06264167;"HERCULANO & HERCULANO LTDA";SAO PAULO;2025;dentro;"Fabricação de sabões, detergentes e velas"
73602369;"HEXA QUIMICA INDUSTRIA E COMERCIO DE PRODUTOS PARA LIMPEZA LTDA";PARANA;2025;dentro;"Fabricação de sabões, detergentes e velas"
01124309;"HFO INDÚSTRIA, COMÉRCIO E PRESTAÇÃO DE SERVIÇOS EIRELI";BAHIA;2022;dentro;"Fab. de prod deriv do processam. de petróleo, de rochas betumin e da madeira - Res CONAMA 362/2005: art. 2º, XIV"
52902360;"HG FERTILIZANTES LTDA";SAO PAULO;2025;dentro;"Fabricação de fertilizantes e agroquímicos"
04795430;"HIDRO-SIL QUIMICA LTDA - EPP";MINAS GERAIS;2024;dentro;"Fabricação de tintas, esmaltes, lacas, vernizes, impermeabilizantes, solventes e secantes"
67093435;"HIGHINGTON INDUSTRIA E COMERCIO DE PRODUTOS QUIMICOS EIRELI EPP";SAO PAULO;2025;dentro;"Fabricação de preparados para limpeza e polimento, desinfetantes, inseticidas, germicidas e fungicidas"
20617376;"HIGITECN INDUSTRIA E COMERCIO DE PRODUTOS DE HIGIENE E LIMPEZA LTDA";ALAGOAS;2022;dentro;"Fabricação de preparados para limpeza e polimento, desinfetantes, inseticidas, germicidas e fungicidas"
36194025;"HIPER QUÍMICA DO BRASIL IND E COM DE PROD DE LIMPEZA LTDA";RIO DE JANEIRO;2023;dentro;"fabricação de preparados para limpeza e polimento, desinfetantes, inseticidas, germicidas e fungicidas - saneantes de uso domissanitários | Fabricação de sabões, detergentes e velas | Fabricação de preparados para limpeza e polimento, desinfetantes, inseticidas, germicidas e fungicidas"
13614713;"HIPER QUIMICA INDUSTRIA E COMERCIO DE PRODUTOS QUIMICOS LTDA";SAO PAULO;2023;dentro;"Fabricação de tintas, esmaltes, lacas, vernizes, impermeabilizantes, solventes e secantes"
35064391;"HOREB BRASIL ENERGIA E COMBUSTÍVEIS ECOLOGICOS LTDA";RIO DE JANEIRO;2025;dentro;"Produção de substâncias e fabricação de produtos químicos - Lei nº 9.976/2000"
01759236;"HORIBA INSTRUMENTS BRASIL LTDA";SAO PAULO;2025;dentro;"Produção de substâncias e fabricação de produtos químicos"
53382545;"HORTON LUBRIFICANTES INDUSTRIAIS LTDA";SAO PAULO;2025;dentro;"Fabricação de produtos derivados do processamento de petróleo, de rochas betuminosas e da madeira | Fab. de prod deriv do processam. de petróleo, de rochas betumin e da madeira - Res CONAMA 362/2005: art. 2º, XIV"
00216766;"HTS LUBRIFICANTES DO BRASIL LTDA";SAO PAULO;2023;dentro;"Produção de substâncias e fabricação de produtos químicos | Fabricação de produtos derivados do processamento de petróleo, de rochas betuminosas e da madeira"
28326230;"HUMBERTO APARECIDO SPINELLI";SAO PAULO;2023;dentro;"Produção de substâncias e fabricação de produtos químicos"
05774939;"HUMUSFERTIL PRODUTOS PARA JARDINAGEM EIRELI";PARANA;2025;dentro;"Fabricação de fertilizantes e agroquímicos"
11431823;"HYDRO JET QUIMICA INDUSTRIA E COMERCIO LTDA - ME.";SAO PAULO;2025;dentro;"Fabricação de preparados para limpeza e polimento, desinfetantes, inseticidas, germicidas e fungicidas"
07861391;"I. C. IMP. EXP. DE FOGOS ART. PEREIRA & SANTOS LTDA EPP";MINAS GERAIS;2024;dentro;"Fabricação de pólvora, explosivos, detonantes, munição para caça e esporto, fósforo de Segurança e artigos pirotécnicos"
15141891;"I.C.DOS REIS NOGUEIRA ESSÊNCIAS";SAO PAULO;2022;dentro;"fabricação de preparados para limpeza e polimento, desinfetantes, inseticidas, germicidas e fungicidas - saneantes de uso domissanitários | Fabricação de preparados para limpeza e polimento, desinfetantes, inseticidas, germicidas e fungicidas"
07895728;"IACO AGRICOLA S.A";MATO GROSSO DO SUL;2024;dentro;"Produção de álcool etílico, metanol e similares"
17545961;"ICARAI DO BRASIL INDUSTRIA QUIMICA LTDA -EPP";MINAS GERAIS;2023;dentro;"Produção de substâncias e fabricação de produtos químicos"
08853949;"IGUA CONTROL BRASIL LTDA - EPP";SANTA CATARINA;2025;dentro;"Produção de substâncias e fabricação de produtos químicos"
14586557;"IGUACU SOLUCOES AMBIENTAIS LTDA";SANTA CATARINA;2025;dentro;"Recuperação e refino de solventes, óleos minerais, vegetais e animais"
51506379;"IINNOCHEM INDUSTRIA E FORMULAS QUIMICAS LTDA";SAO PAULO;2024;dentro;"Fabricação de preparados para limpeza e polimento, desinfetantes, inseticidas, germicidas e fungicidas"
11226085;"ILHEUS RECICLAGEM DE RESÍDUOS DE OLEOS LTDA. EPP";SANTA CATARINA;2024;dentro;"Recuperação e refino de solventes, óleos minerais, vegetais e animais"
49034101;"IMASA IND.MANUFATUREIRA SAPONÁCEOS";SAO PAULO;2024;dentro;"Fabricação de sabões, detergentes e velas"
45725009;"IMCD BRASIL COMERCIO E INDUSTRIA DE PRODUTOS QUIMICOS LTDA.";SAO PAULO;2024;dentro;"Produção de substâncias e fabricação de produtos químicos"
11744674;"IMPER UNION QUIMICA LTDA";RIO GRANDE DO SUL;2024;dentro;"Fabricação de tintas, esmaltes, lacas, vernizes, impermeabilizantes, solventes e secantes"
27431615;"IMPERIAL PRODUTOS DE LIMPEZA LTDA - ME";SAO PAULO;2023;dentro;"Fabricação de sabões, detergentes e velas"
22260501;"IMPERIO SERVICOS ESPECIALIZADOS LTDA";MARANHAO;2025;dentro;"Prod. de substâncias e fab. de prod químicos - Res. CONAMA 463/2014 / Res. CONAMA 472/2015"
01385741;"IMPERMASTER TINTAS E IMPERMEABILIZANTES LTDA ME";SAO PAULO;2025;dentro;"Fabricação de tintas, esmaltes, lacas, vernizes, impermeabilizantes, solventes e secantes"
42837716;"IN VITRO DIAGNOSTICA LTDA";MINAS GERAIS;2025;dentro;"Produção de substâncias e fabricação de produtos químicos | Fabricação de produtos farmacêuticos e veterinários"
13635839;"INAIA GOMES BÚRIGO - ME";SANTA CATARINA;2025;dentro;"Fabricação de resinas e de fibras e fios artificiais e sintéticos e de borracha e  látex sintéticos"
93126241;"INAQUIM INDÚSTRIA E COMÉRCIO LTDA";RIO GRANDE DO SUL;2023;dentro;"Fabricação de sabões, detergentes e velas"
27807959;"INBRASIL INDUSTRIA BRASILEIRA DE PRODUTOS DE LIMPEZA LTDA";BAHIA;2022;dentro;"Fabricação de sabões, detergentes e velas"
59941799;"INBRASP IND. BRAS. DE PLÁSTICOS LTDA";SAO PAULO;2023;dentro;"Fabricação de resinas e de fibras e fios artificiais e sintéticos e de borracha e  látex sintéticos"
68249838;"INCOPROL INDUSTRIA E COMERCIO DE PRODUTOS DE LIMPEZA LTDA ME";SAO PAULO;2025;dentro;"Fabricação de preparados para limpeza e polimento, desinfetantes, inseticidas, germicidas e fungicidas"
01707924;"IND COM TRANSP EXP IMP DE FOGOS UNIAO LTDA.EPP";MINAS GERAIS;2025;dentro;"Fabricação de pólvora, explosivos, detonantes, munição para caça e esporto, fósforo de Segurança e artigos pirotécnicos"
43219481;"IND E COM BIO FLORA INGREDIENTS LTDA";RIO DE JANEIRO;2024;dentro;"Produção de substâncias e fabricação de produtos químicos"
52973318;"IND E COM KONNOR PLASTIC LTDA";MINAS GERAIS;2025;dentro;"Fabricação de resinas e de fibras e fios artificiais e sintéticos e de borracha e  látex sintéticos"
76859800;"IND. E COM. DE PRODUTOS QUIMICOS SÃO PAULO LTDA. ME";SANTA CATARINA;2023;dentro;"Fabricação de sabões, detergentes e velas | Fabricação de preparados para limpeza e polimento, desinfetantes, inseticidas, germicidas e fungicidas"
08829406;"INDILUBE INDÚSTRIA DE LUBRIFICANTES LTDA";RIO GRANDE DO SUL;2024;dentro;"Fabricação de produtos derivados do processamento de petróleo, de rochas betuminosas e da madeira"
01723024;"INDUPROL PRODUTOS QUIMICOS LTDA ME";SANTA CATARINA;2025;dentro;"Fabricação de preparados para limpeza e polimento, desinfetantes, inseticidas, germicidas e fungicidas"
82136532;"INDUQUIL IND E COM DE PRODUTOS DE LIMPEZA EIRELI";SANTA CATARINA;2024;dentro;"Fabricação de sabões, detergentes e velas"
22516099;"INDUSPORT RIO PRETO PRODUTOS ESPORTIVOS LTDA";SAO PAULO;2025;dentro;"Fabricação de tintas, esmaltes, lacas, vernizes, impermeabilizantes, solventes e secantes"
47578509;"INDUSTRIA BRASILEIRA DE BIOFERTILIZANTES E EXTRATOS VEGETAIS LTDA";SAO PAULO;2025;dentro;"Fabricação de fertilizantes e agroquímicos"
09006813;"INDUSTRIA DE COSMETICOS CARVALHO EIRELI";RIO DE JANEIRO;2023;dentro;"Fabricação de perfumarias e cosméticos | Fabricação de produtos derivados do processamento de petróleo, de rochas betuminosas e da madeira"
86638236;"INDUSTRIA DE FOGOS DE ARTIFICIO APOLLO LTDA - EPP";MINAS GERAIS;2025;dentro;"Fabricação de pólvora, explosivos, detonantes, munição para caça e esporto, fósforo de Segurança e artigos pirotécnicos"
26633464;"INDUSTRIA DE PRODUTOS DE LIMPEZA IRMAOS AM LTDA";ESPIRITO SANTO;2023;dentro;"Fabricação de sabões, detergentes e velas | Fabricação de preparados para limpeza e polimento, desinfetantes, inseticidas, germicidas e fungicidas"
07285453;"INDUSTRIA DINO DE SANEANTES EIRELI";SAO PAULO;2023;dentro;"fabricação de preparados para limpeza e polimento, desinfetantes, inseticidas, germicidas e fungicidas - saneantes de uso domissanitários | Fabricação de preparados para limpeza e polimento, desinfetantes, inseticidas, germicidas e fungicidas"
29641982;"INDUSTRIA E COMERCIO DE COSMETICOS RELUZ LTDA. ME.";RIO DE JANEIRO;2025;dentro;"Fabricação de perfumarias e cosméticos | Fabricação de tintas, esmaltes, lacas, vernizes, impermeabilizantes, solventes e secantes"
46804937;"INDUSTRIA E COMERCIO DE FOGOS BRASIL PYROFOGOS LTDA.";MINAS GERAIS;2025;dentro;"Fabricação de pólvora, explosivos, detonantes, munição para caça e esporto, fósforo de Segurança e artigos pirotécnicos"
43981048;"INDÚSTRIA E COMÉRCIO DE FOGOS BRILHARTE LTDA";MINAS GERAIS;2025;dentro;"Fabricação de pólvora, explosivos, detonantes, munição para caça e esporto, fósforo de Segurança e artigos pirotécnicos"
86601879;"INDUSTRIA E COMERCIO DE FOGOS CARUARU LTDA EPP";MINAS GERAIS;2025;dentro;"Fabricação de pólvora, explosivos, detonantes, munição para caça e esporto, fósforo de Segurança e artigos pirotécnicos"
05669881;"INDUSTRIA E COMERCIO DE FOGOS DINOSSAURO LTDA ME";MINAS GERAIS;2023;dentro;"Fabricação de pólvora, explosivos, detonantes, munição para caça e esporto, fósforo de Segurança e artigos pirotécnicos"
11005387;"INDÚSTRIA E COMÉRCIO DE FOGOS FAMA LTDA.";MINAS GERAIS;2025;dentro;"Fabricação de pólvora, explosivos, detonantes, munição para caça e esporto, fósforo de Segurança e artigos pirotécnicos"
24222455;"INDÚSTRIA E COMÉRCIO DE FOGOS GATO LTDA.";MINAS GERAIS;2025;dentro;"Fabricação de pólvora, explosivos, detonantes, munição para caça e esporto, fósforo de Segurança e artigos pirotécnicos"
25891748;"INDÚSTRIA E COMÉRCIO DE FOGOS IMPERIAL LTDA - ME";MINAS GERAIS;2025;dentro;"Fabricação de pólvora, explosivos, detonantes, munição para caça e esporto, fósforo de Segurança e artigos pirotécnicos"
18674095;"INDÚSTRIA E COMÉRCIO DE FOGOS MEGACOLOR LTDA. - ME";MINAS GERAIS;2025;dentro;"Fabricação de pólvora, explosivos, detonantes, munição para caça e esporto, fósforo de Segurança e artigos pirotécnicos"
05454401;"INDÚSTRIA E COMÉRCIO DE FOGOS RECORDE EIRELI - EPP";MINAS GERAIS;2022;dentro;"Fabricação de pólvora, explosivos, detonantes, munição para caça e esporto, fósforo de Segurança e artigos pirotécnicos"
37993501;"INDÚSTRIA E COMÉRCIO DE FOGOS SILVERCOLOR LTDA";MINAS GERAIS;2025;dentro;"Fabricação de pólvora, explosivos, detonantes, munição para caça e esporto, fósforo de Segurança e artigos pirotécnicos"
18549147;"INDUSTRIA E COMERCIO DE FOGOS TIZIU LTDA";MINAS GERAIS;2024;dentro;"Fabricação de pólvora, explosivos, detonantes, munição para caça e esporto, fósforo de Segurança e artigos pirotécnicos"
02934365;"INDUSTRIA E COMERCIO DE FOGOS TORNADO LTDA";MINAS GERAIS;2025;dentro;"Fabricação de pólvora, explosivos, detonantes, munição para caça e esporto, fósforo de Segurança e artigos pirotécnicos"
78856986;"INDÚSTRIA E COMÉRCIO DE PRODUTOS DE LIMPEZA CATARINA LTDA";SANTA CATARINA;2025;dentro;"Fabricação de sabões, detergentes e velas"
12565178;"INDÚSTRIA E COMÉRCIO DE TINTAS IVAIPORÃ LTDA. EPPC";PARANA;2022;dentro;"Fabricação de tintas, esmaltes, lacas, vernizes, impermeabilizantes, solventes e secantes"
65779977;"INDÚSTRIA E COMÉRCIO DE VELAS RIVA LTDA";SAO PAULO;2024;dentro;"Fabricação de sabões, detergentes e velas"
70225859;"INDUSTRIA E COMERCIO DE VELAS SANTA CRUZ LTDA EPP";PERNAMBUCO;2024;dentro;"Fabricação de sabões, detergentes e velas"
53906384;"INDUSTRIA E COMERCIO IRACEMA LTDA";SAO PAULO;2023;dentro;"Produção de álcool etílico, metanol e similares"
45689667;"INDUSTRIA E COMERCIO MINAS COLA LTDA";MINAS GERAIS;2025;dentro;"Produção de substâncias e fabricação de produtos químicos"
46303855;"INDUSTRIA E COMERCIO SANTA THEREZA LTDA";SAO PAULO;2025;dentro;"Fabricação de perfumarias e cosméticos | Produção de substâncias e fabricação de produtos químicos"
60501913;"INDUSTRIA E COMERCIO TINTA MAGICA LTDA";SAO PAULO;2025;dentro;"Fabricação de tintas, esmaltes, lacas, vernizes, impermeabilizantes, solventes e secantes | Produção de substâncias e fabricação de produtos químicos"
30120984;"INDÚSTRIA FLUMINENSE DE TINTAS LTDA";RIO DE JANEIRO;2025;dentro;"Fabricação de tintas, esmaltes, lacas, vernizes, impermeabilizantes, solventes e secantes"
00201891;"INDUSTRIA LUKY LTDA";SAO PAULO;2024;dentro;"Fabricação de sabões, detergentes e velas"
30780625;"INDUSTRIAL WATER TREATMENT COMERCIO E INDUSTRIA LTDA";RIO DE JANEIRO;2025;dentro;"Produção de substâncias e fabricação de produtos químicos"
00322818;"INDUSTRIAS NUCLEARES DO BRASIL S/A";RIO DE JANEIRO;2025;dentro;"Fabricação de combustíveis não derivados de petróleo"
56879838;"INORGAN INDÚSTRIA QUÍMICA LTDA";SAO PAULO;2025;dentro;"Fabricação de preparados para limpeza e polimento, desinfetantes, inseticidas, germicidas e fungicidas"
07978387;"INOXPETRO DESMOLD COMERCIO LTDA";SAO PAULO;2024;dentro;"Fabricação de sabões, detergentes e velas"
03145237;"INPU - INDÚSTRIA NACIONAL DE POLIURETANOS EIRELI";MINAS GERAIS;2022;dentro;"Fabricação de resinas e de fibras e fios artificiais e sintéticos e de borracha e  látex sintéticos"
33258401;"INSTITUTO BIOCHIMICO IND. FARMACÊUTICA LIMITADA";RIO DE JANEIRO;2025;dentro;"Fabricação de produtos farmacêuticos e veterinários | Produção de substâncias e fabricação de produtos químicos"
17174657;"INSTITUTO DE HYPODERMIA E FARMACIA S A HYPOFARMA";MINAS GERAIS;2024;dentro;"Fabricação de produtos farmacêuticos e veterinários | Prod. de substâncias e fab. de prod químicos - Res. CONAMA 463/2014 / Res. CONAMA 472/2015"
77964393;"INSTITUTO DE TECNOLOGIA DO PARANÁ";PARANA;2025;dentro;"Fabricação de produtos farmacêuticos e veterinários | Produção de substâncias e fabricação de produtos químicos"
02142913;"INTENSE CARE INDUSTRIA E COMERCIO DE COSMÉTICOS LTDA";SAO PAULO;2025;dentro;"Produção de substâncias e fabricação de produtos químicos"
29755637;"INVENTTY COLORS INDUSTRIA E COMERCIO DE TINTAS LTDA";SAO PAULO;2025;dentro;"Fabricação de tintas, esmaltes, lacas, vernizes, impermeabilizantes, solventes e secantes"
04613444;"IPES-INDUSTRIA DE PRODUTOS E EQUIPA.DE SOLDA LTDA";AMAZONAS;2023;dentro;"Produção de substâncias e fabricação de produtos químicos | Prod. de substâncias e fab. de prod químicos - Res. CONAMA 463/2014 / Res. CONAMA 472/2015"
07280328;"IPIRANGA AGROINDUSTRIAL S.A";SAO PAULO;2025;dentro;"Fabricação de combustíveis não derivados de petróleo"
39671905;"IPOL 3D LTDA";MINAS GERAIS;2025;dentro;"Fabricação de resinas e de fibras e fios artificiais e sintéticos e de borracha e  látex sintéticos"
71321566;"IRMAOS TONIELLO LTDA";SAO PAULO;2022;dentro;"Produção de álcool etílico, metanol e similares"
15929045;"ISHIKAWA & CIA LTDA";MATO GROSSO DO SUL;2023;dentro;"Fabricação de sabões, detergentes e velas"
00175936;"ISO INDUSTRIA DE SABÕES E ÓLEOS LTDA.";BAHIA;2024;dentro;"Fabricação de sabões, detergentes e velas"
71177182;"ISOMASTER QUIMICA LTDA";MINAS GERAIS;2024;dentro;"Produção de substâncias e fabricação de produtos químicos"
03266809;"ISOPOLY INDÚSTRIA E COMÉRCIO LTDA - EPP";SAO PAULO;2023;dentro;"Fabricação de sabões, detergentes e velas | Produção de óleos, gorduras, ceras, vegetais e animais, óleos essenciais, vegetais e produtos similares, da destilação da madeira | Fabricação de preparados para limpeza e polimento, desinfetantes, inseticidas, germicidas e fungicidas"
07309219;"ISORGAN INDUSTRIA DE INSETICIDAS LTDA EPP";SAO PAULO;2023;dentro;"Fabricação de preparados para limpeza e polimento, desinfetantes, inseticidas, germicidas e fungicidas"
10262614;"ITAK - INSTITUTO DE TECNOLOGIA AUGUST KEKULÉ LTDA";MINAS GERAIS;2025;dentro;"Produção de substâncias e fabricação de produtos químicos"
11401672;"ITALIAN TEXTURAS E REVESTIMENTOS EIRELI";SAO PAULO;2023;dentro;"Fabricação de tintas, esmaltes, lacas, vernizes, impermeabilizantes, solventes e secantes"
20744805;"IVONE GOMES DE ALMEIDA";MINAS GERAIS;2024;dentro;"Fabricação de tintas, esmaltes, lacas, vernizes, impermeabilizantes, solventes e secantes"
21808196;"J ERICK GONCALVES MONTELES LTDA";MARANHAO;2023;dentro;"Fab. de prod deriv do processam. de petróleo, de rochas betumin e da madeira - Res CONAMA 362/2005: art. 2º, XIV | Fabricação de produtos derivados do processamento de petróleo, de rochas betuminosas e da madeira"
04596480;"J. D MACHADO SOLVENTES - ME";RIO GRANDE DO SUL;2024;dentro;"Recuperação e refino de solventes, óleos minerais, vegetais e animais"
20004549;"J. L. DO NASCIMENTO COMÉRCIO DE SANEANTES DOMISSANITÁRIOS - ME";SAO PAULO;2025;dentro;"Fabricação de preparados para limpeza e polimento, desinfetantes, inseticidas, germicidas e fungicidas"
15128294;"J. L. VICHE INDÚSTRIA QUÍMICA LTDA. EPP";SAO PAULO;2025;dentro;"Fabricação de tintas, esmaltes, lacas, vernizes, impermeabilizantes, solventes e secantes"
47254396;"J. PILON S/A - AÇÚCAR E ÁLCOOL";SAO PAULO;2025;dentro;"Fabricação de combustíveis não derivados de petróleo"
20888600;"J.D.S ABRASIVOS E INSUMOS PARA MARMORARIA LTDA";SAO PAULO;2024;dentro;"Fabricação de tintas, esmaltes, lacas, vernizes, impermeabilizantes, solventes e secantes"
09444031;"J.E INDUSTRIA E COMERCIO DE ARTEFATOS DE BORRACHA LTDA";MINAS GERAIS;2025;dentro;"Fabricação de resinas e de fibras e fios artificiais e sintéticos e de borracha e  látex sintéticos"
74512831;"J.L.WOELKE BAURU - EPP";SAO PAULO;2024;dentro;"Produção de substâncias e fabricação de produtos químicos"
80863350;"JACOBSEN PROTEÇÃO E DEC. DE METAIS LTDA - EPP";PARANA;2025;dentro;"Fabricação de sabões, detergentes e velas | fabricação de preparados para limpeza e polimento, desinfetantes, inseticidas, germicidas e fungicidas - saneantes de uso domissanitários"
40361712;"JAFE CLEAN INDUSTRIA E COMERCIO DE PRODUTOS DE HIGIENE E LIMPEZA LTDA";SAO PAULO;2025;dentro;"Fabricação de sabões, detergentes e velas"
06203114;"JANDIR BANDIERA E CIA LTDA";SANTA CATARINA;2025;dentro;"Fabricação de combustíveis não derivados de petróleo"
51780468;"JANSSEN CILAG FARMACEUTICA LTDA";SAO PAULO;2025;dentro;"Fabricação de produtos farmacêuticos e veterinários | Produção de substâncias e fabricação de produtos químicos"
68932482;"JAPLAS INDUSTRIA E COMERCIO DE RESINAS TERMOPLASTICAS EIRELI ME";SAO PAULO;2025;dentro;"Fabricação de resinas e de fibras e fios artificiais e sintéticos e de borracha e  látex sintéticos"
09357997;"JAPUNGU AGROINDUSTRIAL S/A";PARAIBA;2025;dentro;"Produção de álcool etílico, metanol e similares | Fabricação de combustíveis não derivados de petróleo"
07445656;"JATAÍ AGROINDUSTRIA DE BIO-COMBUSTIVEL LTDA";GOIAS;2025;dentro;"Fabricação de combustíveis não derivados de petróleo"
12992702;"JCA INDUSTRIA E COMERCIO LTDA ME";SAO PAULO;2024;dentro;"Produção de substâncias e fabricação de produtos químicos"
81439788;"JDIAS INDÚSTRIA QUÍMICA E CIA LTDA";PARANA;2025;dentro;"Fabricação de preparados para limpeza e polimento, desinfetantes, inseticidas, germicidas e fungicidas"
48802867;"JETH ENGENHARIA COMERCIO E SERVIÇO LTDA";RIO DE JANEIRO;2023;dentro;"Produção de substâncias e fabricação de produtos químicos"
48103066;"JLS CORES E TONS LTDA";SANTA CATARINA;2025;dentro;"Fabricação de tintas, esmaltes, lacas, vernizes, impermeabilizantes, solventes e secantes"
02203950;"JMR RESINAS INDÚSTRIA E COMÉRCIO LTDA.";RIO GRANDE DO SUL;2025;dentro;"Fabricação de resinas e de fibras e fios artificiais e sintéticos e de borracha e  látex sintéticos"
59616680;"JOBQUÍMICA PRODUTOS PARA LIMPEZA LTDA - ME";SAO PAULO;2025;dentro;"fabricação de preparados para limpeza e polimento, desinfetantes, inseticidas, germicidas e fungicidas - saneantes de uso domissanitários | Fabricação de preparados para limpeza e polimento, desinfetantes, inseticidas, germicidas e fungicidas"
10923385;"JOCÉLIO ONEDA";SANTA CATARINA;2025;dentro;"Fabricação de produtos derivados do processamento de petróleo, de rochas betuminosas e da madeira"
01596724;"JODIL INDÚSTRIA DE VELAS";RIO DE JANEIRO;2024;dentro;"Fabricação de sabões, detergentes e velas"
72156995;"JOSÉ AIRTON DE CARVALHO - ME";CEARA;2022;dentro;"fabricação de preparados para limpeza e polimento, desinfetantes, inseticidas, germicidas e fungicidas - saneantes de uso domissanitários | Fabricação de preparados para limpeza e polimento, desinfetantes, inseticidas, germicidas e fungicidas"
10350921;"JOSE LUIZ DE ARAUJO FILHO - ME";SAO PAULO;2024;dentro;"Fabricação de preparados para limpeza e polimento, desinfetantes, inseticidas, germicidas e fungicidas"
02587884;"JOSE MARDONIO ANDRADE DE FREITAS LTDA";CEARA;2024;dentro;"Fabricação de preparados para limpeza e polimento, desinfetantes, inseticidas, germicidas e fungicidas"
39541319;"JP PRESTACAO DE SERVICOS EM TRATAMENTO E PURIFICAO DE OLEO LTDA";SAO PAULO;2024;dentro;"Recuperação e refino de solventes, óleos minerais, vegetais e animais"
14600707;"JSD QUÍMICA EIRELI.";SANTA CATARINA;2024;dentro;"Recuperação e refino de solventes, óleos minerais, vegetais e animais"
17779687;"JUA INDUSTRIAL DE SABÕES E SIMILARES LTDA - EPP";MINAS GERAIS;2025;dentro;"Fabricação de sabões, detergentes e velas"
07893426;"JUAREZ ANTONIO RODRIGUES ME";MINAS GERAIS;2025;dentro;"Fabricação de sabões, detergentes e velas"
10528384;"JVL TINTAS E REVESTIMENTOS LTDA";PARANA;2024;dentro;"Fabricação de tintas, esmaltes, lacas, vernizes, impermeabilizantes, solventes e secantes"
57951680;"K.S INDUSTRIA E COMERCIO DE TINTAS LTDA";PARANA;2025;dentro;"Fabricação de tintas, esmaltes, lacas, vernizes, impermeabilizantes, solventes e secantes"
27955386;"KAJ-LAB PRODUTOS CIENTIFICOS LTDA";SAO PAULO;2025;dentro;"Produção de substâncias e fabricação de produtos químicos"
01868797;"KALIPEA INDUSTRIA E COMERCIO IIMP E EXP. LTDA";SAO PAULO;2025;dentro;"Produção de substâncias e fabricação de produtos químicos | produção de óleos - Resolução CONAMA nº 362/2005"
19367863;"KARBIO INDUSTRIA DE SOLUCOES QUIMICAS LTDA";SAO PAULO;2024;dentro;"Recuperação e refino de solventes, óleos minerais, vegetais e animais"
08835010;"KARKARÁ TRATAMENTO DE LÍQUIDOS INDUSTRIAIS LTDA ME";SANTA CATARINA;2024;dentro;"Recuperação e refino de solventes, óleos minerais, vegetais e animais"
48407737;"KASALIMP PRODUTOS DE LIMPEZA LTDA.";SAO PAULO;2023;dentro;"Fabricação de preparados para limpeza e polimento, desinfetantes, inseticidas, germicidas e fungicidas"
68422203;"KAYROS AMBIENTAL E AGRÍCOLA LTDA";SAO PAULO;2025;dentro;"Fabricação de preparados para limpeza e polimento, desinfetantes, inseticidas, germicidas e fungicidas | Fabricação de produtos farmacêuticos e veterinários | fabricação de preparados para limpeza e polimento, desinfetantes, inseticidas, germicidas e fungicidas - saneantes de uso domissanitários"
43631559;"KB INDÚSTRIA LTDA";SAO PAULO;2023;dentro;"Fabricação de preparados para limpeza e polimento, desinfetantes, inseticidas, germicidas e fungicidas"
59748988;"KENVUE LTDA.";SAO PAULO;2025;dentro;"Fabricação de perfumarias e cosméticos | Produção de substâncias e fabricação de produtos químicos"
52496916;"KENZO DO BRASIL INDUSTRIA E COMÉRCIO LTDA";SAO PAULO;2025;dentro;"Produção de óleos, gorduras, ceras, vegetais e animais, óleos essenciais, vegetais e produtos similares, da destilação da madeira"
12796590;"KERRY DA AMAZONIA INGREDIENTES E AROMAS LTDA.";AMAZONAS;2025;dentro;"Fabricação de concentrados aromáticos naturais, artificiais e sintéticos"
04299232;"KHAYROS DIAGNOSTICA FABRICACAO, COMERCIALIZACAO E DISTRIBUICAO DE PRODUTOS LTDA";SAO PAULO;2024;dentro;"Produção de substâncias e fabricação de produtos químicos"
05961102;"KIMITROL INDÚSTRIA E COMÉRCIO DE PRODUTOS QUÍMICOS LTDA - EPP";SAO PAULO;2024;dentro;"Fabricação de tintas, esmaltes, lacas, vernizes, impermeabilizantes, solventes e secantes"
12022595;"KIMS TECNOLOGIA INDUSTRIAL E COMÉRCIO DE TINTAS LTDA - ME";SAO PAULO;2025;dentro;"Fabricação de tintas, esmaltes, lacas, vernizes, impermeabilizantes, solventes e secantes"
91806729;"KIN MASTER PRODUTOS QUÍMICOS LTDA.";RIO GRANDE DO SUL;2024;dentro;"Produção de substâncias e fabricação de produtos químicos | Fabricação de produtos farmacêuticos e veterinários"
10887669;"KIOLA INDUSTRIA E COMERCIO LTDA";ALAGOAS;2025;dentro;"fabricação de preparados para limpeza e polimento, desinfetantes, inseticidas, germicidas e fungicidas - saneantes de uso domissanitários | Fabricação de preparados para limpeza e polimento, desinfetantes, inseticidas, germicidas e fungicidas"
32595300;"KLARINHA PRODUTOS DOMISSANITÁRIOS LTDA";SAO PAULO;2023;dentro;"Fabricação de preparados para limpeza e polimento, desinfetantes, inseticidas, germicidas e fungicidas"
07443263;"KLUMPP COATINGS DO BRASIL LTDA.";PARANA;2024;dentro;"Fabricação de tintas, esmaltes, lacas, vernizes, impermeabilizantes, solventes e secantes"
34761832;"KM TINTAS LTDA";SAO PAULO;2024;dentro;"Fabricação de tintas, esmaltes, lacas, vernizes, impermeabilizantes, solventes e secantes"
04958767;"KREGER IND.E COM.DE TINTAS, VERNIZES E AFINS LTDA";SAO PAULO;2025;dentro;"Fabricação de tintas, esmaltes, lacas, vernizes, impermeabilizantes, solventes e secantes"
12392009;"KROTEN INDUSTRIA E COMERCIS DE TINTAS LTDA";SANTA CATARINA;2025;dentro;"Fabricação de tintas, esmaltes, lacas, vernizes, impermeabilizantes, solventes e secantes"
47754052;"KUBIX AGROINDUSTRIAL LTDA";SAO PAULO;2024;dentro;"Produção de substâncias e fabricação de produtos químicos | Fabricação de fertilizantes e agroquímicos"
92781160;"KURT GLIMM INDÚSTRIA E COMÉRCIO DE VELAS LTDA";RIO GRANDE DO SUL;2023;dentro;"Fabricação de sabões, detergentes e velas"
20886430;"L M INDUSTRIA E COMERCIO ME";ESPIRITO SANTO;2025;dentro;"Fabricação de preparados para limpeza e polimento, desinfetantes, inseticidas, germicidas e fungicidas"
14777801;"L. PEREIRA SILVA & CIA LTDA - ME";GOIAS;2024;dentro;"Recuperação e refino de solventes, óleos minerais, vegetais e animais"
17149149;"L.C VAN TOL INDUSTRIA E COMERCIO DE PRODUTOS QUIMICOS LTDA";SAO PAULO;2024;dentro;"Fabricação de preparados para limpeza e polimento, desinfetantes, inseticidas, germicidas e fungicidas"
51617588;"L.K. COMERCIO DE PRODUTOS DE LIMPEZA E DESCARTAVEIS LTDA";SAO PAULO;2025;dentro;"Fabricação de sabões, detergentes e velas | Fabricação de preparados para limpeza e polimento, desinfetantes, inseticidas, germicidas e fungicidas"
18250637;"L.M. INDÚSTRIA E COMÉRCIO DE LUBRIFICANTES LTDA";SAO PAULO;2024;dentro;"Produção de substâncias e fabricação de produtos químicos"
93898161;"LABOIL LABORATÓRIO DE ÓLEOS MINERAIS E COM LTDA";RIO GRANDE DO SUL;2022;dentro;"Recuperação e refino de solventes, óleos minerais, vegetais e animais"
42486076;"LABORATÓRIO BRAVET LTDA.";RIO DE JANEIRO;2025;dentro;"Fabricação de produtos farmacêuticos e veterinários | Produção de substâncias e fabricação de produtos químicos"
60672920;"LABORATORIO OKOCHI LTDA";SAO PAULO;2023;dentro;"Produção de substâncias e fabricação de produtos químicos"
76488196;"LABORATÓRIO PRADO S/A";PARANA;2025;dentro;"Fabricação de produtos farmacêuticos e veterinários | Produção de substâncias e fabricação de produtos químicos"
20900154;"LABORATÓRIOS ASR LTDA";SAO PAULO;2022;dentro;"Fabricação de fertilizantes e agroquímicos"
33051491;"LABORATÓRIOS PIERRE FABRE DO BRASIL LTDA";RIO DE JANEIRO;2024;dentro;"Fabricação de produtos farmacêuticos e veterinários | Produção de substâncias e fabricação de produtos químicos | Fabricação de perfumarias e cosméticos | Prod. de substâncias e fab. de prod químicos - Res. CONAMA 463/2014 / Res. CONAMA 472/2015"
72807043;"LABORLAB PRODUTOS PARA LABORATÓRIOS LTDA.";SAO PAULO;2024;dentro;"Produção de substâncias e fabricação de produtos químicos"
27259802;"LABQUIM INDÚSTRIA E COMÉRCIO DE PRODUTOS QUÍMICOS EIRELI";SAO PAULO;2023;dentro;"Fabricação de sabões, detergentes e velas"
48021526;"LACATEX INDUSTRIA DE TINTAS LTDA";MINAS GERAIS;2023;dentro;"Fabricação de tintas, esmaltes, lacas, vernizes, impermeabilizantes, solventes e secantes"
00986410;"LACXE INDUSTRIA E COMERCIO DE PRODUTOS QUIMICOS LTDA ME";RIO DE JANEIRO;2024;dentro;"Fabricação de tintas, esmaltes, lacas, vernizes, impermeabilizantes, solventes e secantes"
28851889;"LAGOS BIOENERGIA S/A";RIO DE JANEIRO;2025;dentro;"Produção de álcool etílico, metanol e similares"
31335995;"LAND QUIMICA INDUSTRIA E COMERCIO LTDA";RIO DE JANEIRO;2025;dentro;"Fabricação de sabões, detergentes e velas | Fabricação de preparados para limpeza e polimento, desinfetantes, inseticidas, germicidas e fungicidas"
11655647;"LANNE-CAR INDUSTRIA E COMÉRCIO LTDA";MINAS GERAIS;2025;dentro;"Fabricação de preparados para limpeza e polimento, desinfetantes, inseticidas, germicidas e fungicidas"
30552481;"LANURE INDUSTRIA & COMERCIO AGROFLORESTAL LTDA";MINAS GERAIS;2022;dentro;"Fabricação de fertilizantes e agroquímicos"
27492249;"LANZA INFRAESTRUTURA LTDA.";SAO PAULO;2025;dentro;"Fabricação de produtos derivados do processamento de petróleo, de rochas betuminosas e da madeira"
51908872;"LAR INDUSTRIA E COMERCIO DE QUIMICOS LTDA";SAO PAULO;2025;dentro;"Fabricação de preparados para limpeza e polimento, desinfetantes, inseticidas, germicidas e fungicidas"
45959413;"LARANJEIRA MINERAÇÃO LTDA-MATRIZ";ALAGOAS;2023;dentro;"Fabricação de combustíveis não derivados de petróleo"
02325498;"LAXTAR INDÚSTRIA QUÍMICA LTDA EPP";SANTA CATARINA;2024;dentro;"Fabricação de sabões, detergentes e velas"
47993616;"LEAO INDUSTRIA E COMERCIO DE FOGOS DE ARTIFICIO LTDA";MINAS GERAIS;2025;dentro;"Fabricação de pólvora, explosivos, detonantes, munição para caça e esporto, fósforo de Segurança e artigos pirotécnicos"
79028502;"LECLAIR IND E COM PERFUMES E COSMÉTICOS LTDA";PARANA;2025;dentro;"Fabricação de perfumarias e cosméticos | Fabricação de preparados para limpeza e polimento, desinfetantes, inseticidas, germicidas e fungicidas"
10325147;"LEMARC COMERCIO DE PRODUTOS QUIMICOS LTDA - ME";RIO DE JANEIRO;2023;dentro;"Fabricação de tintas, esmaltes, lacas, vernizes, impermeabilizantes, solventes e secantes"
00708092;"LEMARE TINTAS LTDA";RIO GRANDE DO SUL;2024;dentro;"Fabricação de tintas, esmaltes, lacas, vernizes, impermeabilizantes, solventes e secantes"
27013996;"LEMELIMP INDUSTRIA E COMERCIO DE PRODUTOS DE LIMPEZA LTDA.";SAO PAULO;2023;dentro;"Fabricação de preparados para limpeza e polimento, desinfetantes, inseticidas, germicidas e fungicidas"
17226994;"LEMOS E RAGO LTDA";MINAS GERAIS;2024;dentro;"Fabricação de perfumarias e cosméticos | Produção de substâncias e fabricação de produtos químicos"
34455554;"LETICIA ALMEIDA DE MENEZES EIRELI";MINAS GERAIS;2022;dentro;"Fabricação de tintas, esmaltes, lacas, vernizes, impermeabilizantes, solventes e secantes"
16906849;"LEVEN INDÚSTRIA E COMÉRCIO DE PRODUTOS PARA AGRICULTURA LTDA EPP";SAO PAULO;2023;dentro;"Fabricação de fertilizantes e agroquímicos"
48688245;"LGS QUIMICA LTDA";SAO PAULO;2025;dentro;"Produção de substâncias e fabricação de produtos químicos"
17978611;"LHR REVESTIMENTOS LTDA";PARANA;2024;dentro;"Fabricação de tintas, esmaltes, lacas, vernizes, impermeabilizantes, solventes e secantes"
22112964;"LIDER CLEAN PRODUTOS DE LIMPEZA LTDA.";SAO PAULO;2025;dentro;"Fabricação de sabões, detergentes e velas"
09555226;"LIDER LUB IND. COM. DE LUBRIFICANTE LTDA ME";SAO PAULO;2023;dentro;"Fabricação de produtos derivados do processamento de petróleo, de rochas betuminosas e da madeira"
22685341;"LIMA & PERGHER INDUSTRIA E COMERCIO S/A";MINAS GERAIS;2025;dentro;"Fabricação de preparados para limpeza e polimento, desinfetantes, inseticidas, germicidas e fungicidas | Fabricação de perfumarias e cosméticos | Fabricação de sabões, detergentes e velas | Fabricação de produtos farmacêuticos e veterinários | fabricação de preparados para limpeza e polimento, desinfetantes, inseticidas, germicidas e fungicidas - saneantes de uso domissanitários | Produção de álcool etílico, metanol e similares"
12761823;"LIMFLEX INDUSTRIA E COMERCIO DE MATERIAIS DE LIMPEZA LTDA ME";SAO PAULO;2025;dentro;"Produção de substâncias e fabricação de produtos químicos - Lei nº 9.976/2000"
06954857;"LIMIL INDÚSTRIA E COMÉRCIO DE PRODUTOS DE LIMPEZA LTDA";RIO GRANDE DO SUL;2025;dentro;"Fabricação de sabões, detergentes e velas"
45939527;"LIMNE INDUSTRIA E COMERCIO LTDA - EPP";SAO PAULO;2025;dentro;"Fabricação de sabões, detergentes e velas"
00446092;"LIMP-LAR INDÚSTRIA E COMÉRCIO DE MATERIAIS DE LIMPEZA LTDA - EPP";SAO PAULO;2023;dentro;"Fabricação de sabões, detergentes e velas"
10172355;"LIMPEMAX INDÚSTRIA E COMÉRCIO DE PRODUTOS DE LIMPEZA LTDA";CEARA;2025;dentro;"Fabricação de preparados para limpeza e polimento, desinfetantes, inseticidas, germicidas e fungicidas | Fabricação de sabões, detergentes e velas"
82978982;"LINDOMAR RODRIGUES DOS SANTOS";SANTA CATARINA;2025;dentro;"Fabricação de resinas e de fibras e fios artificiais e sintéticos e de borracha e  látex sintéticos"
35637796;"LINS AGROINDUSTRIAL S.A.";SAO PAULO;2024;dentro;"Produção de álcool etílico, metanol e similares | Fabricação de combustíveis não derivados de petróleo"
03963302;"LIPE INDUSTRIA DE SABÕES E VELAS LTDA ME";BAHIA;2024;dentro;"Fabricação de sabões, detergentes e velas"
04376453;"LIRIUM INDÚSTRIA E COMÉRCIO LTDA";SAO PAULO;2024;dentro;"Recuperação e refino de solventes, óleos minerais, vegetais e animais"
42869308;"LIVE MAX INDUSTRIA E COMERCIO LTDA";SAO PAULO;2025;dentro;"Fabricação de preparados para limpeza e polimento, desinfetantes, inseticidas, germicidas e fungicidas"
02853180;"LKP PRODUTOS PARA DIAGNOSTICOS LTDA";SAO PAULO;2022;dentro;"Produção de substâncias e fabricação de produtos químicos"
43352277;"LORD INDUSTRIAL LTDA";SAO PAULO;2022;dentro;"Produção de substâncias e fabricação de produtos químicos"
18562909;"LOWEST INDUSTRIA QUÍMICA LTDA - EPP";SANTA CATARINA;2025;dentro;"Fabricação de sabões, detergentes e velas"
53834823;"LOYAL QUIMICA LTDA";SAO PAULO;2025;dentro;"Produção de substâncias e fabricação de produtos químicos - Lei nº 9.976/2000"
94665114;"LRB INDÚSTRIA E COMÉRCIO DE PRODUTOS QUÍMICOS LTDA.";RIO GRANDE DO SUL;2024;dentro;"Produção de substâncias e fabricação de produtos químicos"
59723874;"LUBRIFICANTES FENIX LTDA";SAO PAULO;2024;dentro;"Recuperação e refino de solventes, óleos minerais, vegetais e animais | fabricação de produtos derivados do processamento de petróleo - Resolução CONAMA nº 362/205 | produção de óleos - Resolução CONAMA nº 362/2005 | Fabricação de combustíveis não derivados de petróleo | Fabricação de produtos derivados do processamento de petróleo, de rochas betuminosas e da madeira"
01125736;"LUBRIFOC LTDA - ME";SAO PAULO;2025;dentro;"Recuperação e refino de solventes, óleos minerais, vegetais e animais"
11498284;"LUBRINOR - LUBRIFICANTES DO NORDESTE LTDA";BAHIA;2022;dentro;"Recuperação e refino de solventes, óleos minerais, vegetais e animais | Fabricação de produtos derivados do processamento de petróleo, de rochas betuminosas e da madeira"
33649699;"LUCAS DA SILVA REZENDE ME";SAO PAULO;2024;dentro;"Fabricação de preparados para limpeza e polimento, desinfetantes, inseticidas, germicidas e fungicidas"
06963985;"LUCIANA GRAMISCELLI FERREIRA ZAVARELLO EPP";SAO PAULO;2025;dentro;"Produção de substâncias e fabricação de produtos químicos"
00543854;"LUMA OIL INDUSTRIA E COMERCIO LTDA";SAO PAULO;2025;dentro;"produção de óleos - Resolução CONAMA nº 362/2005 | Fabricação de produtos derivados do processamento de petróleo, de rochas betuminosas e da madeira"
27245903;"LUMEM ABRASIVOS E LIQUIDOS EIRELI";ESPIRITO SANTO;2024;dentro;"Prod. de substâncias e fab. de prod químicos - Res. CONAMA 463/2014 / Res. CONAMA 472/2015"
11454982;"LUMINE INDUSTRIA E COMERCIO DE TINTAS LTDA EPP";SAO PAULO;2024;dentro;"Fabricação de tintas, esmaltes, lacas, vernizes, impermeabilizantes, solventes e secantes"
13612851;"LUMIX PRODUTOS DE LIMPEZA LTDA.";SAO PAULO;2023;dentro;"Fabricação de preparados para limpeza e polimento, desinfetantes, inseticidas, germicidas e fungicidas"
55836281;"LV- INDUSTRIA E COMÉRCIO LTDA";PARANA;2025;dentro;"Fabricação de tintas, esmaltes, lacas, vernizes, impermeabilizantes, solventes e secantes"
30949230;"M C SEABRA EIRELI";TOCANTINS;2023;dentro;"Produção de óleos, gorduras, ceras, vegetais e animais, óleos essenciais, vegetais e produtos similares, da destilação da madeira"
51310027;"M-7 INDÚSTRIA E COMÉRCIO DE PRODUTOS QUÍMICOS LTDA. - EPP";SAO PAULO;2024;dentro;"Fabricação de preparados para limpeza e polimento, desinfetantes, inseticidas, germicidas e fungicidas | Fabricação de produtos farmacêuticos e veterinários"
48827968;"M. S. SCABORA & CIA LTDA - EPP";SAO PAULO;2023;dentro;"Fabricação de preparados para limpeza e polimento, desinfetantes, inseticidas, germicidas e fungicidas"
01756029;"M.G.D INDUSTRIA E COMÉRCIO DE PRODUTOS QUÍMICOS LTDA";SAO PAULO;2023;dentro;"Fabricação de sabões, detergentes e velas"
67707703;"M.S.M. DE FREITAS PRODUTOS QUIMICOS DE LIMPEZA";SAO PAULO;2025;dentro;"Fabricação de preparados para limpeza e polimento, desinfetantes, inseticidas, germicidas e fungicidas"
45967523;"M&A QUIMICOS AROMATICOS LTDA";SAO PAULO;2025;dentro;"Fabricação de concentrados aromáticos naturais, artificiais e sintéticos"
47239732;"MACEIO BIOENERGIA LTDA";MARANHAO;2023;dentro;"Fabricação de produtos derivados do processamento de petróleo, de rochas betuminosas e da madeira"
05483313;"MACHTANS E MEDEIROS INDÚSTRIA E COMÉRCIO LTDA";SAO PAULO;2025;dentro;"Produção de substâncias e fabricação de produtos químicos"
34999262;"MACIEL & PITT - TINTAS, SOLVENTES E SERVICOS LTDA";RIO GRANDE DO SUL;2025;dentro;"Recuperação e refino de solventes, óleos minerais, vegetais e animais"
01014476;"MAHARY IND. COM. E REP. LTDA.";RIO DE JANEIRO;2025;dentro;"Produção de substâncias e fabricação de produtos químicos"
02496525;"MAICOM INDUSTRIA E COMERCIO LTDA.";SAO PAULO;2023;dentro;"fabricação de preparados para limpeza e polimento, desinfetantes, inseticidas, germicidas e fungicidas - saneantes de uso domissanitários | Fabricação de preparados para limpeza e polimento, desinfetantes, inseticidas, germicidas e fungicidas"
03036169;"MAIS BRILHO PRODUTOS DE LIMPEZA LTDA ME";SANTA CATARINA;2024;dentro;"Fabricação de preparados para limpeza e polimento, desinfetantes, inseticidas, germicidas e fungicidas"
18022130;"MAIS QUÍMICA LTDA";SAO PAULO;2025;dentro;"Produção de substâncias e fabricação de produtos químicos"
07007398;"MAITY BIOENERGIA LTDA";MARANHAO;2024;dentro;"Fabricação de combustíveis não derivados de petróleo | Produção de álcool etílico, metanol e similares"
49976251;"MALOSSO BIOENERGIA S.A";SAO PAULO;2025;dentro;"Produção de álcool etílico, metanol e similares"
84812361;"MANOEL GOMES BELCHIOR FILHO - EPP";PARANA;2024;dentro;"Fabricação de tintas, esmaltes, lacas, vernizes, impermeabilizantes, solventes e secantes"
07889115;"MANORT INDUSTRIA E COMERCIO DE TINTAS LTDA.";PARANA;2024;dentro;"Fabricação de tintas, esmaltes, lacas, vernizes, impermeabilizantes, solventes e secantes"
05823205;"MAQUIRA IND. DE PROD. ODONTOLÓGICOS LTDA";PARANA;2022;dentro;"Fabricação de perfumarias e cosméticos | Produção de substâncias e fabricação de produtos químicos"
04121494;"MARALPE LTDA ME";MINAS GERAIS;2025;dentro;"Recuperação e refino de solventes, óleos minerais, vegetais e animais"
35971738;"MARCA CONSTRUTORA E SERVIÇOS S.A";ESPIRITO SANTO;2024;dentro;"Fabricação de combustíveis não derivados de petróleo"
24360485;"MARCELO EVANDRO RAVANELLI - ME";SAO PAULO;2022;dentro;"Fabricação de combustíveis não derivados de petróleo"
05646982;"MARCHAND CHIMIE SISTEMAS DE TRATAMENTO DE ÁGUA LTDA.";RIO GRANDE DO SUL;2025;dentro;"Produção de substâncias e fabricação de produtos químicos | Fabricação de preparados para limpeza e polimento, desinfetantes, inseticidas, germicidas e fungicidas"
17292122;"MARCOS SOUZA DA SILVA MADEIRAS - ME";SAO PAULO;2025;dentro;"Prod. de substâncias e fab. de prod químicos - Res. CONAMA 463/2014 / Res. CONAMA 472/2015"
11250670;"MARINE INDÚSTRIA E COMÉRCIO DE TINTAS LTDA";RIO DE JANEIRO;2023;dentro;"Fabricação de tintas, esmaltes, lacas, vernizes, impermeabilizantes, solventes e secantes | Produção de substâncias e fabricação de produtos químicos"
04224837;"MASSA PLÁSTICA CARFORT LTDA EPP";ESPIRITO SANTO;2025;dentro;"Fabricação de tintas, esmaltes, lacas, vernizes, impermeabilizantes, solventes e secantes"
08695635;"MASTER SAN PRODUTOS QUÍMICOS LTDA";SANTA CATARINA;2025;dentro;"Fabricação de tintas, esmaltes, lacas, vernizes, impermeabilizantes, solventes e secantes | fabricação de preparados para limpeza e polimento, desinfetantes, inseticidas, germicidas e fungicidas - saneantes de uso domissanitários | Fabricação de preparados para limpeza e polimento, desinfetantes, inseticidas, germicidas e fungicidas"
32168230;"MASTERQUIM INDÚSTRIA E COMÉRCIO DE PRODUTOS QUÍMICOS LTDA";SAO PAULO;2024;dentro;"Produção de substâncias e fabricação de produtos químicos"
03660894;"MAUA INDÚSTRIA DE TINTAS LTDA";PARANA;2025;dentro;"Recuperação e refino de solventes, óleos minerais, vegetais e animais | Fabricação de tintas, esmaltes, lacas, vernizes, impermeabilizantes, solventes e secantes"
00337716;"MAURICIO INDUSTRIA QUIMICA LTDA";RIO GRANDE DO SUL;2025;dentro;"Fabricação de preparados para limpeza e polimento, desinfetantes, inseticidas, germicidas e fungicidas | Fabricação de perfumarias e cosméticos"
09279014;"MAX FERT - INDUSTRIA E COMERCIO DE FERTILIZANTES ESPECIAIS LTDA";SAO PAULO;2022;dentro;"Fabricação de fertilizantes e agroquímicos"
11182555;"MAX QUIMICA TINTAS E SOLVENTES LTDA";SANTA CATARINA;2025;dentro;"Recuperação e refino de solventes, óleos minerais, vegetais e animais"
17044588;"MAX-COLOR TEXTURAS E ACABAMENTOS LTDA";MINAS GERAIS;2024;dentro;"Fabricação de tintas, esmaltes, lacas, vernizes, impermeabilizantes, solventes e secantes"
10470936;"MAXBRIO INDUSTRIA E COMERCIO DE PRODUTOS DE LIMPEZA LTDA EPP";MATO GROSSO DO SUL;2024;dentro;"Fabricação de preparados para limpeza e polimento, desinfetantes, inseticidas, germicidas e fungicidas"
07436109;"MAXILIGAS INDÚSTRIA E COMÉRCIO DE METAIS LTDA";SAO PAULO;2024;dentro;"Recuperação e refino de solventes, óleos minerais, vegetais e animais"
02006487;"MAXXI QUIMICA LTDA";MINAS GERAIS;2024;dentro;"Produção de substâncias e fabricação de produtos químicos"
14455908;"MAXXIMOS PRODUTOS DE LIMPEZA LTDA";SAO PAULO;2024;dentro;"fabricação de preparados para limpeza e polimento, desinfetantes, inseticidas, germicidas e fungicidas - saneantes de uso domissanitários | Fabricação de preparados para limpeza e polimento, desinfetantes, inseticidas, germicidas e fungicidas"
11384984;"MAYSTAR COSMETICA DO BRASIL LTDA";SAO PAULO;2024;dentro;"Produção de óleos, gorduras, ceras, vegetais e animais, óleos essenciais, vegetais e produtos similares, da destilação da madeira"
12615562;"MEGA FIM SANEANTES LTDA. - ME";SAO PAULO;2025;dentro;"Fabricação de preparados para limpeza e polimento, desinfetantes, inseticidas, germicidas e fungicidas"
48483196;"MEGA SHOW INDUSTRIA E COMERCIO DE FOGOS";MINAS GERAIS;2025;dentro;"Fabricação de pólvora, explosivos, detonantes, munição para caça e esporto, fósforo de Segurança e artigos pirotécnicos"
05064859;"MEGAQUIMICA EMBALAGENS E PRODUTOS QUÍMICOS LTDA- EPP";SAO PAULO;2025;dentro;"Recuperação e refino de solventes, óleos minerais, vegetais e animais"
16481193;"MEGATON INDÚSTRIA E COMÉRCIO EIRELI-ME-";SAO PAULO;2023;dentro;"Fabricação de tintas, esmaltes, lacas, vernizes, impermeabilizantes, solventes e secantes"
92697010;"MEMPHIS SA INDUSTRIAL";RIO GRANDE DO SUL;2024;dentro;"Fabricação de perfumarias e cosméticos | Fabricação de sabões, detergentes e velas"
39649307;"METALCARE INDUSTRIAL LTDA";CEARA;2025;dentro;"Fabricação de tintas, esmaltes, lacas, vernizes, impermeabilizantes, solventes e secantes"
08049419;"METALMS INDUSTRIAL BRASILEIRA DE METAIS LTDA";SAO PAULO;2024;dentro;"Produção de substâncias e fabricação de produtos químicos"
52813392;"MEXXPER INDUSTRIA E COMERCIO DE PRODUTOS QUIMICOS LTDA";SAO PAULO;2023;dentro;"Fabricação de fertilizantes e agroquímicos"
34060409;"MGT INDUSTRIA E COMÉRCIO DE TINTAS LTDA.";SAO PAULO;2024;dentro;"Fabricação de tintas, esmaltes, lacas, vernizes, impermeabilizantes, solventes e secantes"
08269002;"MHNANO - COMÉRCIO, INDUSTRIA E DESENVOLVIMENTO LTDA - ME";SAO PAULO;2025;dentro;"Fabricação de tintas, esmaltes, lacas, vernizes, impermeabilizantes, solventes e secantes | Produção de substâncias e fabricação de produtos químicos"
27191121;"MICROBIOLOGICA QUIMICA E FARMACEUTICA LTDA";RIO DE JANEIRO;2024;dentro;"Fabricação de produtos farmacêuticos e veterinários | Produção de substâncias e fabricação de produtos químicos"
05757106;"MIELKE HIGIENE E LIMPEZA LTDA";SANTA CATARINA;2025;dentro;"fabricação de preparados para limpeza e polimento, desinfetantes, inseticidas, germicidas e fungicidas - saneantes de uso domissanitários | Fabricação de preparados para limpeza e polimento, desinfetantes, inseticidas, germicidas e fungicidas"
29116635;"MINAS BIOENERGIA LTDA.";MINAS GERAIS;2025;dentro;"Produção de álcool etílico, metanol e similares"
30780177;"MINAS PQS PRODUTOS QUIMICOS E SOLUCOES LTDA";MINAS GERAIS;2024;dentro;"Produção de substâncias e fabricação de produtos químicos"
19889204;"MIRADA - INDÚSTRIA E COMÉRCIO LTDA. - ME";SAO PAULO;2023;dentro;"Fabricação de sabões, detergentes e velas | Fabricação de preparados para limpeza e polimento, desinfetantes, inseticidas, germicidas e fungicidas"
26662273;"MIRIAN ALESSANDRA DOS SANTOS 25926379822";SAO PAULO;2022;dentro;"Fabricação de preparados para limpeza e polimento, desinfetantes, inseticidas, germicidas e fungicidas"
05535110;"MODULO INDUSTRIA E COMERCIO DE TINTAS LTDA EPP";SAO PAULO;2024;dentro;"Fabricação de tintas, esmaltes, lacas, vernizes, impermeabilizantes, solventes e secantes"
04520288;"MOGILANDI ESSÊNCIAS AROMÁTICAS LTDA";SAO PAULO;2023;dentro;"Fabricação de preparados para limpeza e polimento, desinfetantes, inseticidas, germicidas e fungicidas"
09812879;"MOLIGRACO INDUSTRIA DE DESMOLDANTES E LUBRIFICANTES LTDA";SAO PAULO;2025;dentro;"Prod. de substâncias e fab. de prod químicos - Res. CONAMA 463/2014 / Res. CONAMA 472/2015"
30447190;"MONALISA ALVES ALENCAR-ME";CEARA;2025;dentro;"Fabricação de preparados para limpeza e polimento, desinfetantes, inseticidas, germicidas e fungicidas"
52713123;"MONTELUR COMPOSTOS TERMOPLÁSTICOS LTDA";RIO GRANDE DO SUL;2024;dentro;"Fabricação de resinas e de fibras e fios artificiais e sintéticos e de borracha e  látex sintéticos"
49626757;"MONZI INDUSTRIAS QUIMICAS LTDA - EPP";SAO PAULO;2023;dentro;"Fabricação de preparados para limpeza e polimento, desinfetantes, inseticidas, germicidas e fungicidas"
11473990;"MP INDUSTRIA DE TINTA LTDA";GOIAS;2022;dentro;"Fabricação de tintas, esmaltes, lacas, vernizes, impermeabilizantes, solventes e secantes"
04206661;"MQ DO BRASIL INDUSTRIA E COMERCIO LTDA ME";SANTA CATARINA;2025;dentro;"Fabricação de tintas, esmaltes, lacas, vernizes, impermeabilizantes, solventes e secantes | Recuperação e refino de solventes, óleos minerais, vegetais e animais"
03514724;"MULTIAGUA INDUSTRIAL LTDA.";SAO PAULO;2025;dentro;"Produção de substâncias e fabricação de produtos químicos"
92265552;"MULTILAB INDÚSTRIA E COMÉRCIO DE PRODUTOS FARMACÊUTICOS LTDA";RIO GRANDE DO SUL;2025;dentro;"Fabricação de produtos farmacêuticos e veterinários | Produção de substâncias e fabricação de produtos químicos"
45240716;"MULTIOLEOS INDÚSTRIA E COMÉRCIO DE ÓLEOS ESSENCIAIS LTDA-EPP";SAO PAULO;2024;dentro;"Fabricação de concentrados aromáticos naturais, artificiais e sintéticos"
03446708;"MURILO RUBIÃO DE OLIVEIRA E CIA LTDA";SAO PAULO;2025;dentro;"Fabricação de sabões, detergentes e velas"
02162259;"MWM - TUPY DO BRASIL LTDA";PARANA;2025;dentro;"Fabricação de fertilizantes e agroquímicos"
26288490;"N. M. PRODUTOS EIRELI";SAO PAULO;2025;dentro;"Produção de substâncias e fabricação de produtos químicos"
06980064;"NACIONAL GÁS BUTANO DISTRIBUIDORA LTDA.";GOIAS;2024;dentro;"Fabricação de produtos derivados do processamento de petróleo, de rochas betuminosas e da madeira"
14089038;"NATUCOAT INDUSTRIA E COMERCIO DE TINTAS LTDA ME";SAO PAULO;2025;dentro;"Fabricação de tintas, esmaltes, lacas, vernizes, impermeabilizantes, solventes e secantes"
73697666;"NATUPHITUS INDUSTRIA E COMERCIO DE COSMÉTICOS LTDA";PARANA;2023;dentro;"Fabricação de perfumarias e cosméticos | Produção de substâncias e fabricação de produtos químicos"
07194824;"NATURAL WAX INDUSTRIA DE CERA LTDA";CEARA;2025;dentro;"Produção de óleos, gorduras, ceras, vegetais e animais, óleos essenciais, vegetais e produtos similares, da destilação da madeira"
15431151;"NBR PLASTICOS DE ENGENHARIA LTDA";SAO PAULO;2022;dentro;"Produção de substâncias e fabricação de produtos químicos"
23093014;"NCHEMI ENGENHARIA DE MATERIAIS LTDA";SAO PAULO;2025;dentro;"Produção de substâncias e fabricação de produtos químicos"
41778008;"NEOLUBES INDUSTRIA DE LUBRIFICANTES LTDA";RIO DE JANEIRO;2025;dentro;"Fab. de prod deriv do processam. de petróleo, de rochas betumin e da madeira - Res CONAMA 362/2005: art. 2º, XIV | Fabricação de produtos derivados do processamento de petróleo, de rochas betuminosas e da madeira"
47062997;"NEOMILLE S.A.";GOIAS;2025;dentro;"Produção de álcool etílico, metanol e similares | Produção de óleos, gorduras, ceras, vegetais e animais, óleos essenciais, vegetais e produtos similares, da destilação da madeira"
10293179;"NEONOX QUIMICA LTDA";SAO PAULO;2023;dentro;"Produção de substâncias e fabricação de produtos químicos"
53307999;"NETZERO PARAGUACU I BIOCHAR LTDA";MINAS GERAIS;2025;dentro;"Fabricação de fertilizantes e agroquímicos"
35496634;"NEUTRAVITA COMERCIO DE NEUTRALIZADOR DE ODORES EIRELI";SAO PAULO;2023;dentro;"Fabricação de preparados para limpeza e polimento, desinfetantes, inseticidas, germicidas e fungicidas"
02100487;"NEVADA QUIMICA INDUSTRIAL LTDA";PARANA;2024;dentro;"Fabricação de preparados para limpeza e polimento, desinfetantes, inseticidas, germicidas e fungicidas"
09401702;"NEVES PRODUTOS DE LIMPEZA LTDA ME";SANTA CATARINA;2024;dentro;"Fabricação de sabões, detergentes e velas | fabricação de preparados para limpeza e polimento, desinfetantes, inseticidas, germicidas e fungicidas - saneantes de uso domissanitários | Fabricação de preparados para limpeza e polimento, desinfetantes, inseticidas, germicidas e fungicidas"
35046512;"NEW AGRO INDUSTRIA E COMÉRCIO LTDA";MINAS GERAIS;2023;dentro;"Produção de substâncias e fabricação de produtos químicos | Fabricação de fertilizantes e agroquímicos"
09647712;"NEW CLEAN INDUSTRIA E COMERCIO DE PRODUTOS DE HIGIENE E LIMPEZA LTDA ME";PARAIBA;2025;dentro;"Fabricação de preparados para limpeza e polimento, desinfetantes, inseticidas, germicidas e fungicidas | fabricação de preparados para limpeza e polimento, desinfetantes, inseticidas, germicidas e fungicidas - saneantes de uso domissanitários"
67951988;"NEW STAR QUÍMICA INDUSTRIAL LTDA.EPP";SAO PAULO;2024;dentro;"Produção de óleos, gorduras, ceras, vegetais e animais, óleos essenciais, vegetais e produtos similares, da destilação da madeira"
71770689;"NEXTA DISTRIBUIDORA LTDA";SAO PAULO;2024;dentro;"fabricação de produtos derivados do processamento de petróleo - Resolução CONAMA nº 362/205 | Fabricação de produtos derivados do processamento de petróleo, de rochas betuminosas e da madeira | Prod. de substâncias e fab. de prod químicos - Res. CONAMA 463/2014 / Res. CONAMA 472/2015"
50927235;"NICROTEX MATERIAIS PARA POLIMENTO LTDA EPP";SAO PAULO;2023;dentro;"Fabricação de preparados para limpeza e polimento, desinfetantes, inseticidas, germicidas e fungicidas"
43779068;"NITSUA QUIMICOS DO BRASIL LTDA";SANTA CATARINA;2025;dentro;"Fabricação de tintas, esmaltes, lacas, vernizes, impermeabilizantes, solventes e secantes"
23401634;"NIVIA VALERIA DA SILVA ALVES 04265371574";SAO PAULO;2024;dentro;"Fabricação de preparados para limpeza e polimento, desinfetantes, inseticidas, germicidas e fungicidas"
05001448;"NOBILE INDUSTRIA COMERCIO E BENEFICIAMENTO LTDA";SAO PAULO;2022;dentro;"Fabricação de perfumarias e cosméticos | Produção de substâncias e fabricação de produtos químicos"
11429653;"NOBILIS INDUSTRIA COSMETICA LTDA.";SAO PAULO;2024;dentro;"Fabricação de tintas, esmaltes, lacas, vernizes, impermeabilizantes, solventes e secantes"
41283081;"NOBRE PRODUTOS PARA PINTURA AUTOMOTIVA LTDA";MINAS GERAIS;2023;dentro;"Fabricação de tintas, esmaltes, lacas, vernizes, impermeabilizantes, solventes e secantes"
59811180;"NOHVA PINE NATURAL CHEMICALS LTDA.";RIO GRANDE DO SUL;2025;dentro;"Produção de óleos, gorduras, ceras, vegetais e animais, óleos essenciais, vegetais e produtos similares, da destilação da madeira"
09649688;"NORCOR INDUSTRIA DE PREPARAÇÕES PIGMENTARIAS LTDA-ME";CEARA;2023;dentro;"Fabricação de tintas, esmaltes, lacas, vernizes, impermeabilizantes, solventes e secantes | Produção de substâncias e fabricação de produtos químicos"
26489421;"NOVA CASTILHO AGROINDUSTRIAL S/A";SAO PAULO;2024;dentro;"Fabricação de combustíveis não derivados de petróleo"
10853995;"NOVA LOGÍSTICA REVERSA LTDA.";RIO DE JANEIRO;2024;dentro;"Recuperação e refino de solventes, óleos minerais, vegetais e animais"
07117618;"NOVA LUB LUBRIFICANTES LTDA EPP";SAO PAULO;2025;dentro;"Fab. de prod deriv do processam. de petróleo, de rochas betumin e da madeira - Res CONAMA 362/2005: art. 2º, XIV"
40036120;"NOVA MULTI QUIMICA COMERCIAL LTDA";SAO PAULO;2025;dentro;"Produção de substâncias e fabricação de produtos químicos"
49381734;"NOVA PLATINA BIOENERGIA LTDA";SAO PAULO;2024;dentro;"Produção de álcool etílico, metanol e similares"
11015846;"NOVAC INDUSTRIA QUIMICA LTDA EPP";MINAS GERAIS;2022;dentro;"Fabricação de preparados para limpeza e polimento, desinfetantes, inseticidas, germicidas e fungicidas"
03555728;"NOVAFORMULA IND. & COM. DE PROD. DE LIMPEZA LTDA - ME";RONDONIA;2024;dentro;"Fabricação de sabões, detergentes e velas"
01167693;"NOVOIL PROTETIVOS E AMACIANTES LTDA";SAO PAULO;2022;dentro;"Produção de substâncias e fabricação de produtos químicos"
09356302;"NOX SOLUTIONS INDUSTRIA E COMERCIO DE PRODUTOS QUÍMICOS LTDA EPP";SAO PAULO;2025;dentro;"Produção de substâncias e fabricação de produtos químicos"
01505063;"O DOCE CHEIRO INDUSTRIA DE COSMETICOS LTDA";BAHIA;2025;dentro;"Produção de substâncias e fabricação de produtos químicos - Lei nº 9.976/2000"
33082485;"OCTALIMP SOLUCOES INDUSTRIAIS LTDA";SAO PAULO;2023;dentro;"Fabricação de preparados para limpeza e polimento, desinfetantes, inseticidas, germicidas e fungicidas"
41643146;"OGLEE SOLUÇÕES INOVADORAS LTDA";RIO GRANDE DO SUL;2025;dentro;"Fabricação de tintas, esmaltes, lacas, vernizes, impermeabilizantes, solventes e secantes"
07422491;"OILBRAS IND. BRAS. DE ÓLEOS E ADIT. QUIM. LTDA";RIO GRANDE DO SUL;2025;dentro;"Fabricação de sabões, detergentes e velas"
27039275;"OLEO NORTE RECICLAGEM DE OLEO VEGETAL EIRELI ME";SAO PAULO;2022;dentro;"Recuperação e refino de solventes, óleos minerais, vegetais e animais"
31090078;"OLEOPLAN MATO GROSSO INDUSTRIA DE BIOCOMBUSTIVEL LTDA";MATO GROSSO;2025;dentro;"Fabricação de combustíveis não derivados de petróleo"
39796014;"OLEOPLAN PARÁ INDÚSTRIA DE BIOCOMBUSTÍVEL LTDA";PARA;2025;dentro;"Fabricação de combustíveis não derivados de petróleo"
36015262;"OLEOPLAN RONDONIA INDUSTRIA DE BIOCOMBUSTIVEL LTDA.";RONDONIA;2025;dentro;"Fabricação de combustíveis não derivados de petróleo"
06282344;"OLI CLEAN INDÚSTRA E COMÉRCIO DE PRODUTOS DE LIMPEZA LTDA";SAO PAULO;2024;dentro;"Fabricação de sabões, detergentes e velas"
72870892;"OLIVEIRA E FERNANDES INDUSTRIA E COMERCIO DE PRODUTOS DE LIMPEZA LTDA- EPP";SAO PAULO;2024;dentro;"Fabricação de sabões, detergentes e velas"
22642815;"OLMA INDUSTRIA E COMERCIO DE OLEO DE MAMONA EIRELI";BAHIA;2024;dentro;"Produção de óleos, gorduras, ceras, vegetais e animais, óleos essenciais, vegetais e produtos similares, da destilação da madeira"
03450167;"ORIGINAL CATANDUVA PRODUTOS DE LIMPEZA LTDA EPP";SAO PAULO;2025;dentro;"Fabricação de preparados para limpeza e polimento, desinfetantes, inseticidas, germicidas e fungicidas"
10549479;"ORO AGRI BRASIL PRODUTOS PARA AGRICULTURA";PARANA;2024;dentro;"Fabricação de fertilizantes e agroquímicos | Produção de substâncias e fabricação de produtos químicos"
04365532;"OTICA A ESPECIALISTA LIMITADA";AMAZONAS;2022;dentro;"Produção de substâncias e fabricação de produtos químicos"
60835493;"OURICOLOR INDUSTRIA E COMERCIO DE TINTAS E VERNIZES LTDA - EPP";SAO PAULO;2024;dentro;"Fabricação de tintas, esmaltes, lacas, vernizes, impermeabilizantes, solventes e secantes"
57624462;"OURO FINO SAÚDE ANIMAL LTDA";SAO PAULO;2024;dentro;"Fabricação de produtos farmacêuticos e veterinários | Fabricação de fertilizantes e agroquímicos"
30609988;"OUROCOLOR TINTAS LTDA";ESPIRITO SANTO;2025;dentro;"Fabricação de tintas, esmaltes, lacas, vernizes, impermeabilizantes, solventes e secantes"
59108647;"OXIGEN SOC PRODUTOS ESPECIAIS P/ IND LTDA";SAO PAULO;2024;dentro;"Fabricação de produtos farmacêuticos e veterinários | Produção de substâncias e fabricação de produtos químicos"
05729894;"OXY INDUSTRIA E COMERCIO DE PRODUTOS QUIMICOS LTDA";MINAS GERAIS;2023;dentro;"Fabricação de fertilizantes e agroquímicos"
50729100;"OXYBRAS QUIMICA INDUSTRIAL LTDA - ME";ESPIRITO SANTO;2025;dentro;"Produção de substâncias e fabricação de produtos químicos"
30154676;"P. PRADO SOUSA LUBRIFICANTES LTDA";SAO PAULO;2024;dentro;"Fabricação de produtos derivados do processamento de petróleo, de rochas betuminosas e da madeira"
02568315;"P. S. INDUSTRIA E COMÉRCIO DE PRODUTOS DE LIMPEZA LTDA";SAO PAULO;2024;dentro;"fabricação de preparados para limpeza e polimento, desinfetantes, inseticidas, germicidas e fungicidas - saneantes de uso domissanitários | Fabricação de preparados para limpeza e polimento, desinfetantes, inseticidas, germicidas e fungicidas"
55476440;"P.A. INDUSTRIA DE TEXTURAS LTDA";MINAS GERAIS;2024;dentro;"Fabricação de tintas, esmaltes, lacas, vernizes, impermeabilizantes, solventes e secantes"
29227135;"PAA PRODUTOS AUTO ADESIVO INDUSTRIA E COMERCIO LTDA";SAO PAULO;2024;dentro;"Produção de substâncias e fabricação de produtos químicos | Fabricação de tintas, esmaltes, lacas, vernizes, impermeabilizantes, solventes e secantes"
04066300;"PACKFER COMERCIO DE TRANSFORMADORES LTDA EPP";SAO PAULO;2025;dentro;"Recuperação e refino de solventes, óleos minerais, vegetais e animais"
54782401;"PALETTA DECOR INDUSTRIA E COMERCIO DE TINTAS E VERNIZES LTDA";PARANA;2025;dentro;"Fabricação de tintas, esmaltes, lacas, vernizes, impermeabilizantes, solventes e secantes"
52318701;"PARABIO INDUSTRIA E COMERCIO DE OLEOS E BIOCOMBUSTÍVEIS LTDA";PARA;2025;dentro;"Recuperação e refino de solventes, óleos minerais, vegetais e animais"
02005931;"PARAGUACU INDUSTRIA PIROTECNICA LTDA";MINAS GERAIS;2024;dentro;"Fabricação de pólvora, explosivos, detonantes, munição para caça e esporto, fósforo de Segurança e artigos pirotécnicos"
48115855;"PARAHYBUNA INDUSTRIA E COMERCIO DE PRODUTOS DE LIMPEZA LTDA";SAO PAULO;2024;dentro;"Fabricação de preparados para limpeza e polimento, desinfetantes, inseticidas, germicidas e fungicidas"
40254927;"PARANÁ XISTO S.A";PARANA;2024;dentro;"Fabricação de produtos derivados do processamento de petróleo, de rochas betuminosas e da madeira"
13719165;"PARANA-OIL COMERCIO DE OLEOS LTDA";PARANA;2024;dentro;"Recuperação e refino de solventes, óleos minerais, vegetais e animais | Fabricação de produtos derivados do processamento de petróleo, de rochas betuminosas e da madeira"
44326685;"PARAPAV ASFALTOS & CONSTRUCOES LTDA";PARA;2024;dentro;"Fabricação de produtos derivados do processamento de petróleo, de rochas betuminosas e da madeira"
07969961;"PARAPUA AGROINDUSTRIAL S/A - EM RECUPERACAO JUDICIAL";SAO PAULO;2025;dentro;"Produção de álcool etílico, metanol e similares"
66200015;"PAULO JOSE DE ALMEIDA EPP";MINAS GERAIS;2024;dentro;"fabricação de preparados para limpeza e polimento, desinfetantes, inseticidas, germicidas e fungicidas - saneantes de uso domissanitários | Fabricação de preparados para limpeza e polimento, desinfetantes, inseticidas, germicidas e fungicidas"
40958364;"PAVCON ASFALTOS - EIRELI";GOIAS;2022;dentro;"Fabricação de produtos derivados do processamento de petróleo, de rochas betuminosas e da madeira"
48858494;"PAVI URB PAVIMENTACAO E EMPREENDIMENTOS LTDA";MINAS GERAIS;2025;dentro;"Fabricação de produtos derivados do processamento de petróleo, de rochas betuminosas e da madeira"
29884870;"PEDRINHO JOAO MARTINS DE MELLO MATERIAL DE CONSTRUÇÃO LTDA";SANTA CATARINA;2025;dentro;"Fabricação de tintas, esmaltes, lacas, vernizes, impermeabilizantes, solventes e secantes"
01512822;"PEDRO TOALDO - ME";PARANA;2025;dentro;"Produção de óleos, gorduras, ceras, vegetais e animais, óleos essenciais, vegetais e produtos similares, da destilação da madeira"
09646061;"PEPY INDÚSTRIA E COMÉRCIO DE DOMISSANEANTES LTDA";CEARA;2025;dentro;"Fabricação de preparados para limpeza e polimento, desinfetantes, inseticidas, germicidas e fungicidas"
39783998;"PERFECT PAINTS INDUSTRIA E COMERCIO DE TINTAS LTDA ME";ESPIRITO SANTO;2025;dentro;"Fabricação de tintas, esmaltes, lacas, vernizes, impermeabilizantes, solventes e secantes"
29919182;"PERNAMBUCO INDÚSTRIA DE TINTAS LTDA";PERNAMBUCO;2023;dentro;"Fabricação de tintas, esmaltes, lacas, vernizes, impermeabilizantes, solventes e secantes"
43218296;"PETROCOQUE S.A. INDUSTRIA E COMERCIO";SAO PAULO;2025;dentro;"Fabricação de produtos derivados do processamento de petróleo, de rochas betuminosas e da madeira | fabricação de produtos derivados do processamento de petróleo - Resolução CONAMA nº 362/205 | Produção de substâncias e fabricação de produtos químicos"
32874869;"PETROLAB INDUSTRIAL E COMERCIAL LTDA.";SERGIPE;2023;dentro;"Produção de substâncias e fabricação de produtos químicos"
73300949;"PETROLEU MINERALE LUBRIFICANTES LTDA";RIO GRANDE DO SUL;2025;dentro;"Fabricação de produtos derivados do processamento de petróleo, de rochas betuminosas e da madeira | produção de óleos - Resolução CONAMA nº 362/2005"
17195231;"PETROLUB INDUSTRIAL DE LUBRIFICANTES LTDA.";MINAS GERAIS;2025;dentro;"Recuperação e refino de solventes, óleos minerais, vegetais e animais | fabricação de produtos derivados do processamento de petróleo - Resolução CONAMA nº 362/205 | produção de óleos - Resolução CONAMA nº 362/2005 | Fab. de prod deriv do processam. de petróleo, de rochas betumin e da madeira - Res CONAMA 362/2005: art. 2º, XIV | Fabricação de produtos farmacêuticos e veterinários | Fabricação de produtos derivados do processamento de petróleo, de rochas betuminosas e da madeira | Produção de substâncias e fabricação de produtos químicos"
60663483;"PFO IND. COM DE TINTAS E VERNIZES LTDA";PARANA;2025;dentro;"Fabricação de tintas, esmaltes, lacas, vernizes, impermeabilizantes, solventes e secantes"
05515577;"PH INDUSTRIAL LTDA.";CEARA;2024;dentro;"Fabricação de sabões, detergentes e velas | Fabricação de preparados para limpeza e polimento, desinfetantes, inseticidas, germicidas e fungicidas"
00104603;"PHITOTERAPHIA BIOFITOGENIA LABORATORIAL LTDA";RIO DE JANEIRO;2025;dentro;"Fabricação de perfumarias e cosméticos | Produção de substâncias e fabricação de produtos químicos"
23491618;"PHYTOVITAL INGREDIENTS LTDA.";RIO DE JANEIRO;2025;dentro;"Fabricação de concentrados aromáticos naturais, artificiais e sintéticos"
02315311;"PIAUI CERAS E PRODUTOS DERIVADOS LTDA";SAO PAULO;2023;dentro;"Fabricação de preparados para limpeza e polimento, desinfetantes, inseticidas, germicidas e fungicidas"
57165146;"PIETRA REVEST INDUSTRIA E COMERCIO DE TINTAS LTDA";DISTRITO FEDERAL;2025;dentro;"Fabricação de tintas, esmaltes, lacas, vernizes, impermeabilizantes, solventes e secantes"
48831142;"PINDA INDÚSTRIA QUÍMICA LTDA";SAO PAULO;2024;dentro;"Produção de substâncias e fabricação de produtos químicos"
51096477;"PIONEIROS BIOENERGIA S/A";SAO PAULO;2025;dentro;"Produção de álcool etílico, metanol e similares"
49034481;"PIRATININGA IND COM DE PRODUTOS ESCOLARES EIRELI";SAO PAULO;2025;dentro;"Fabricação de tintas, esmaltes, lacas, vernizes, impermeabilizantes, solventes e secantes | Produção de substâncias e fabricação de produtos químicos"
37581193;"PIROBRASIL INDUSTRIA E COMERCIO DE FOGOS LTDA";MINAS GERAIS;2025;dentro;"Fabricação de pólvora, explosivos, detonantes, munição para caça e esporto, fósforo de Segurança e artigos pirotécnicos"
03692317;"PISOGRAF INDUSTRIA E COMERCIO TINTAS LTDA ME";SAO PAULO;2024;dentro;"Fabricação de tintas, esmaltes, lacas, vernizes, impermeabilizantes, solventes e secantes"
48378519;"PLANALTO BIOENERGIA LTDA";GOIAS;2024;dentro;"Fabricação de combustíveis não derivados de petróleo"
55100404;"PLANT GROW INDUSTRIA E COMERCIO LTDA";MINAS GERAIS;2025;dentro;"Fabricação de fertilizantes e agroquímicos"
04932987;"PLANT OURO AGROQUÍMICA INDUSTRIA E COMÉRCIO LTDA";SAO PAULO;2025;dentro;"Fabricação de fertilizantes e agroquímicos"
30812121;"PLANTFERTIL INDÚSTRIA E COMÉRCIO DE FERTILIZANTES ORGANOMINERAIS LTDA.";SAO PAULO;2024;dentro;"Fabricação de fertilizantes e agroquímicos"
40433245;"PLAX INDUSTRIA E COMERCIO DE SOLVENTE LTDA";RIO DE JANEIRO;2025;dentro;"Fabricação de sabões, detergentes e velas"
12909295;"PLENNOLABOR INDUSTRIA E COMERCIO LTDA";SAO PAULO;2025;dentro;"Fabricação de preparados para limpeza e polimento, desinfetantes, inseticidas, germicidas e fungicidas"
62815543;"PLUMAZUL INDÚSTRIA QUIMICA LTDA ME";SAO PAULO;2024;dentro;"fabricação de preparados para limpeza e polimento, desinfetantes, inseticidas, germicidas e fungicidas - saneantes de uso domissanitários | Fabricação de preparados para limpeza e polimento, desinfetantes, inseticidas, germicidas e fungicidas"
44801377;"POLIBLEND COMPOUND INDÚSTRIA E COMÉRCIO LTDA";SANTA CATARINA;2024;dentro;"Produção de substâncias e fabricação de produtos químicos"
02288072;"POLIDROL LTDA EPP";SANTA CATARINA;2024;dentro;"Fabricação de tintas, esmaltes, lacas, vernizes, impermeabilizantes, solventes e secantes"
03781363;"POLIFILM INDÚSTRIA E COMÉRCIO DE TINTAS E VERNIZES LTDA";SAO PAULO;2025;dentro;"Fabricação de tintas, esmaltes, lacas, vernizes, impermeabilizantes, solventes e secantes"
19691793;"POLIFORTE IND E COM DE MATERIAIS PARA POLIMENTOS EM METAIS LTDA";PARANA;2024;dentro;"Fabricação de preparados para limpeza e polimento, desinfetantes, inseticidas, germicidas e fungicidas"
71844781;"POLIPOX IND E COM LTDA";SAO PAULO;2025;dentro;"Produção de substâncias e fabricação de produtos químicos"
39897798;"POLIQUÍMICA INDÚSTRIA E COMÉRCIO DE PRODUTOS QUÍMICOS LTDA.";RIO DE JANEIRO;2023;dentro;"Fabricação de tintas, esmaltes, lacas, vernizes, impermeabilizantes, solventes e secantes | Fabricação de resinas e de fibras e fios artificiais e sintéticos e de borracha e  látex sintéticos"
52871258;"POLO DISTRIBUIDORA DE PRODUTOS ALIMENTICIOS LTDA";SAO PAULO;2025;dentro;"Produção de óleos, gorduras, ceras, vegetais e animais, óleos essenciais, vegetais e produtos similares, da destilação da madeira"
04224559;"PÓLVORA TIGRE LTDA.";MINAS GERAIS;2024;dentro;"Fabricação de pólvora, explosivos, detonantes, munição para caça e esporto, fósforo de Segurança e artigos pirotécnicos"
73426801;"PORÃO DISTRIBUIDORA LTDA - EPP";SANTA CATARINA;2025;dentro;"Fabricação de sabões, detergentes e velas"
42043553;"PORTOCLEAN BRASIL COMERCIO DE PRODUTOS DE LIMPEZA LTDA";SAO PAULO;2024;dentro;"Fabricação de preparados para limpeza e polimento, desinfetantes, inseticidas, germicidas e fungicidas"
38464098;"PORTOQUIM INDUSTRIA, COMERCIO E DISTRIBUICAO DE PRODUTOS QUIMICOS LTDA. - ME";SAO PAULO;2025;dentro;"Produção de substâncias e fabricação de produtos químicos"
12997542;"POTIQUIMICA INDUSTRIA E DISTRIBUIDORA DE PRODUTOS QUIMICOS LTDA";SAO PAULO;2023;dentro;"Fabricação de preparados para limpeza e polimento, desinfetantes, inseticidas, germicidas e fungicidas"
14116534;"PRADO E LIMA INDÚSTRIA E COMÉRCIO DE PRODUTOS DE LIMPEZA LTDA";SAO PAULO;2022;dentro;"Fabricação de sabões, detergentes e velas"
02002627;"PRÉ QUÍMICA LTDA";RIO GRANDE DO SUL;2025;dentro;"Fabricação de tintas, esmaltes, lacas, vernizes, impermeabilizantes, solventes e secantes | Produção de substâncias e fabricação de produtos químicos"
07290650;"PRECISION QUIMICA LTDA - ME";SAO PAULO;2023;dentro;"Fabricação de fertilizantes e agroquímicos"
26054835;"PRIMAVITA INDUSTRIA COMERCIO IMPORTACAO E EXPORTACAO DE PRODUTOS ODONTOLOGICOS LTDA";SAO PAULO;2025;dentro;"Fabricação de resinas e de fibras e fios artificiais e sintéticos e de borracha e  látex sintéticos"
07452673;"PRIMAX - INDUSTRIA E COMERCIO DE DESCARBONIZANTES LTDA";SAO PAULO;2023;dentro;"Fabricação de preparados para limpeza e polimento, desinfetantes, inseticidas, germicidas e fungicidas"
11424500;"PRIME COMÉRCIO DE MATERIAL DE CONSTRUCAO EIRELI";ESPIRITO SANTO;2024;dentro;"Fabricação de tintas, esmaltes, lacas, vernizes, impermeabilizantes, solventes e secantes"
02891071;"PRION TECHNO LTDA";SAO PAULO;2023;dentro;"Produção de substâncias e fabricação de produtos químicos"
20808126;"PRO OLEO TRATAMENTO E RECICLAGEM DE OLEOS E GORDURAS VEGETAIS OU ANIMAIS LTDA - ME";SAO PAULO;2025;dentro;"produção de óleos - Resolução CONAMA nº 362/2005 | Fab. de prod deriv do processam. de petróleo, de rochas betumin e da madeira - Res CONAMA 362/2005: art. 2º, XIV | Recuperação e refino de solventes, óleos minerais, vegetais e animais"
52342094;"PRO-BRILL INDUSTRIA E COMERCIO LTDA";SAO PAULO;2025;dentro;"Produção de substâncias e fabricação de produtos químicos"
03298484;"PRÓ-QUÍMICA F. D. INDÚSTRIA E COMÉRCIO DE PRODUTOS DE LIMPEZA LTDA - ME";SAO PAULO;2025;dentro;"fabricação de preparados para limpeza e polimento, desinfetantes, inseticidas, germicidas e fungicidas - saneantes de uso domissanitários | Fabricação de preparados para limpeza e polimento, desinfetantes, inseticidas, germicidas e fungicidas"
36070134;"PROBITEC PROD BETUMINOSOS TECNOL APLIC S/A";RIO DE JANEIRO;2023;dentro;"Fabricação de produtos derivados do processamento de petróleo, de rochas betuminosas e da madeira"
35428114;"PRODAN - DETERGENTES SANEANTES E ADITIVOS ESPECIAIS EIRELI";SAO PAULO;2024;dentro;"Fabricação de preparados para limpeza e polimento, desinfetantes, inseticidas, germicidas e fungicidas"
54673249;"PRODIVE QUÍMICA INDUSTRIA E COMERCIO LTDA EPP";SAO PAULO;2025;dentro;"Fabricação de produtos derivados do processamento de petróleo, de rochas betuminosas e da madeira"
02695844;"PRODULIMP INDUSTRIA E COMERCIO LTDA";SAO PAULO;2025;dentro;"Fabricação de preparados para limpeza e polimento, desinfetantes, inseticidas, germicidas e fungicidas"
96615802;"PRODULIMP INDUSTRIA E COMERCIO LTDA - ME";SAO PAULO;2023;dentro;"Fabricação de sabões, detergentes e velas"
05794456;"PRODUTOS ALIMENTÍCIOS E LIMPEZA SARITA LTDA";GOIAS;2025;dentro;"Fabricação de preparados para limpeza e polimento, desinfetantes, inseticidas, germicidas e fungicidas"
00434809;"PRODUTOS DE LIMPEZA CAMILA - INDÚSTRIA E COMÉRCIO LTDA";SAO PAULO;2025;dentro;"Fabricação de preparados para limpeza e polimento, desinfetantes, inseticidas, germicidas e fungicidas"
61146023;"PRODUTOS QUÍMICOS SULFANIL LTDA";SAO PAULO;2024;dentro;"Produção de substâncias e fabricação de produtos químicos"
16740262;"PROECO - PROC. IND COM DE TINTAS E SOLVENTES LTDA";GOIAS;2024;dentro;"Recuperação e refino de solventes, óleos minerais, vegetais e animais"
19438702;"PROLIMGEL FABRICA DE PRODUTOS DE LIMPEZA LTDA";PIAUI;2024;dentro;"Fabricação de preparados para limpeza e polimento, desinfetantes, inseticidas, germicidas e fungicidas"
81781734;"PROPEQ-PRODUTOS QUIMICOS LTDA";SANTA CATARINA;2025;dentro;"Produção de substâncias e fabricação de produtos químicos | Prod. de substâncias e fab. de prod químicos - Res. CONAMA 463/2014 / Res. CONAMA 472/2015"
01178126;"PROTELIM IND. QUIMICA DE PRODUTOS DE HIGIENE E LIMPEZA EXPORTAÇÃO E IMPORTAÇÃO LTDA";SAO PAULO;2025;dentro;"Fabricação de preparados para limpeza e polimento, desinfetantes, inseticidas, germicidas e fungicidas"
51141174;"PROTHAL INDUSTRIAL LTDA";SAO PAULO;2022;dentro;"Produção de substâncias e fabricação de produtos químicos"
52702204;"PRUDENCOLLOR LTDA";SAO PAULO;2024;dentro;"Fabricação de tintas, esmaltes, lacas, vernizes, impermeabilizantes, solventes e secantes"
58368358;"PUMA TAMBORES LTDA";SAO PAULO;2025;dentro;"Recuperação e refino de solventes, óleos minerais, vegetais e animais"
06788811;"PURACOR IND. E COM. DE TINTAS E REVESTIMENTOS LTDA - ME";PARANA;2023;dentro;"Fabricação de tintas, esmaltes, lacas, vernizes, impermeabilizantes, solventes e secantes"
33191823;"PURE QUIMICA INDUSTRIA E COMERCIO DE PRODUTOS PARA PISCINA E LIMPEZA LTDA";SAO PAULO;2024;dentro;"Fabricação de preparados para limpeza e polimento, desinfetantes, inseticidas, germicidas e fungicidas"
60343753;"PURILUB TRANSPORTE E PURIFICAÇÃO LTDA.";SAO PAULO;2025;dentro;"Recuperação e refino de solventes, óleos minerais, vegetais e animais"
11352186;"PURIOIL MAQUINAS INDUSTRIAIS LTDA ME";PARANA;2025;dentro;"Fab. de prod deriv do processam. de petróleo, de rochas betumin e da madeira - Res CONAMA 362/2005: art. 2º, XIV"
10682553;"PWA RIO PRODUTOS DE LIMPEZA INDUSTRIA E COMERCIO LTDA";RIO DE JANEIRO;2023;dentro;"Fabricação de preparados para limpeza e polimento, desinfetantes, inseticidas, germicidas e fungicidas"
08438124;"Q`LIMPA INDUSTRIA E COMERCIO DE PRODUTOS DE LIMPEZA LTDA EPP";SANTA CATARINA;2024;dentro;"Fabricação de sabões, detergentes e velas"
93284131;"QGS - QUIMICA DO BRASIL LTDA";RIO GRANDE DO SUL;2024;dentro;"Produção de substâncias e fabricação de produtos químicos"
02096802;"QI TINTAS INDUSTRIAL LTDA.";SANTA CATARINA;2023;dentro;"Fabricação de tintas, esmaltes, lacas, vernizes, impermeabilizantes, solventes e secantes"
29311046;"QUALITINTAS LTDA";RIO GRANDE DO SUL;2024;dentro;"Fabricação de tintas, esmaltes, lacas, vernizes, impermeabilizantes, solventes e secantes"
71837553;"QUALITY FOODS INTL COMERCIO E TECNOLOGIA DE ALIMENTOS";SAO PAULO;2024;dentro;"Produção de substâncias e fabricação de produtos químicos"
17947033;"QUALITY QUIMICA INDUSTRIAL LTDA";PARANA;2024;dentro;"Produção de substâncias e fabricação de produtos químicos"
08909993;"QUALYQUIMICA INDUSTRIA E COMERCIO DE PRODUTOS QUIMICOS S/A";GOIAS;2023;dentro;"Fabricação de fertilizantes e agroquímicos"
11165962;"QUANTON 3D LTDA";MINAS GERAIS;2025;dentro;"Fabricação de resinas e de fibras e fios artificiais e sintéticos e de borracha e  látex sintéticos"
43016773;"QUELUZ QUIMICA LTDA";SAO PAULO;2025;dentro;"Produção de substâncias e fabricação de produtos químicos | Fabricação de produtos farmacêuticos e veterinários"
59468496;"QUIMATECNICA INDUSTRIAL LTDA";SAO PAULO;2023;dentro;"Produção de substâncias e fabricação de produtos químicos"
81871261;"QUIMATRA INDUSTRIA E COMÉRCIO DE PRODUTOS QUIMICOS";SANTA CATARINA;2024;dentro;"Produção de substâncias e fabricação de produtos químicos | Fabricação de sabões, detergentes e velas"
58547259;"QUIMERA - INDUSTRIA E COMERCIO DE PRODUTOS QUIMICOS LTDA";SANTA CATARINA;2025;dentro;"Produção de substâncias e fabricação de produtos químicos"
36354389;"QUIMES COM IND DE PRODUTOS QUIMICOS ESP. SANTO LTDA - ME";ESPIRITO SANTO;2025;dentro;"Fabricação de preparados para limpeza e polimento, desinfetantes, inseticidas, germicidas e fungicidas | fabricação de preparados para limpeza e polimento, desinfetantes, inseticidas, germicidas e fungicidas - saneantes de uso domissanitários | Fabricação de sabões, detergentes e velas"
87124384;"QUIMICA CENIT DO BRASIL LTDA.";RIO GRANDE DO SUL;2025;dentro;"Produção de substâncias e fabricação de produtos químicos"
06000579;"QUIMICA IGARAPÉ LTDA";MINAS GERAIS;2024;dentro;"Fabricação de preparados para limpeza e polimento, desinfetantes, inseticidas, germicidas e fungicidas"
16482161;"QUIMICA MODERNA INDUSTRIA E COMERCIO LTDA";SAO PAULO;2025;dentro;"Produção de substâncias e fabricação de produtos químicos"
17677064;"QUIMICAMASTER INDUSTRIA E COMERCIO LTDA.";PARANA;2023;dentro;"Produção de substâncias e fabricação de produtos químicos"
08809912;"QUIMIPAR IND. E COM. DE PRODUTOS DE LIMPEZA LTDA.";MINAS GERAIS;2025;dentro;"Fabricação de preparados para limpeza e polimento, desinfetantes, inseticidas, germicidas e fungicidas"
83012063;"QUIMIRIO INDUSTRIAL LTDA";SANTA CATARINA;2025;dentro;"Fabricação de sabões, detergentes e velas"
43683069;"QUIMISA S/A";SANTA CATARINA;2022;dentro;"Produção de substâncias e fabricação de produtos químicos | Fabricação de preparados para limpeza e polimento, desinfetantes, inseticidas, germicidas e fungicidas"
49304289;"R B CECON COMERCIO ATACADISTA";ESPIRITO SANTO;2025;dentro;"Prod. de substâncias e fab. de prod químicos - Res. CONAMA 463/2014 / Res. CONAMA 472/2015"
00028078;"R. B. PRODUTOS QUIMICOS ESPECIAIS LTDA";RIO DE JANEIRO;2025;dentro;"Fabricação de sabões, detergentes e velas"
11847229;"R.B.DOS SANTOS PRODUTOS AUTOMOTIVOS";SAO PAULO;2023;dentro;"Fabricação de preparados para limpeza e polimento, desinfetantes, inseticidas, germicidas e fungicidas"
01097621;"R.P.D. - PRODUTOS DE LIMPEZA E COSMETICOS LTDA";SAO PAULO;2023;dentro;"Fabricação de sabões, detergentes e velas"
02663810;"RADICIFIBRAS INDUSTRIA E COMERCIO LTDA";SAO PAULO;2023;dentro;"Fabricação de resinas e de fibras e fios artificiais e sintéticos e de borracha e  látex sintéticos | Produção de substâncias e fabricação de produtos químicos"
57345050;"RADIEX INDUSTRIA E COMERCIO LTDA";SAO PAULO;2022;dentro;"Produção de substâncias e fabricação de produtos químicos | Fabricação de preparados para limpeza e polimento, desinfetantes, inseticidas, germicidas e fungicidas"
57465011;"RAEBRASIL INDUSTRIA DE TINTAS E REVESTIMENTOS LTDA";MATO GROSSO DO SUL;2023;dentro;"Fabricação de tintas, esmaltes, lacas, vernizes, impermeabilizantes, solventes e secantes"
64272404;"RAIOS INDUSTRIA E COMERCIO LTDA";MINAS GERAIS;2023;dentro;"Fabricação de sabões, detergentes e velas"
05208831;"RAJ TECNOLOGIA QUÍMICA LTDA ME";SAO PAULO;2025;dentro;"Fabricação de preparados para limpeza e polimento, desinfetantes, inseticidas, germicidas e fungicidas"
19309816;"RAMMQUIMICA COMERCIO E INDUSTRIA EIRELI - EPP";SAO PAULO;2025;dentro;"Produção de substâncias e fabricação de produtos químicos"
05561069;"RAUBER & SOUZA LTDA ME";SANTA CATARINA;2022;dentro;"Fabricação de preparados para limpeza e polimento, desinfetantes, inseticidas, germicidas e fungicidas"
31962364;"RBL DISTRIBUIDORA DE PRODUTOS AUTOMOTIVOS LTDA";SAO PAULO;2024;dentro;"Fabricação de sabões, detergentes e velas"
10736264;"RC INDUSTRIA E COMERCIO LTDA";SAO PAULO;2023;dentro;"Fabricação de sabões, detergentes e velas"
07896784;"RCA INDUSTRIA E COMERCIO DE PRODUTOS QUIMICOS LTDA - EPP";SAO PAULO;2023;dentro;"Produção de substâncias e fabricação de produtos químicos"
02310251;"RCL INDUSTRIA COMERCIO DE PRODUTOS QUÍMICOS LTDA";SAO PAULO;2022;dentro;"Produção de substâncias e fabricação de produtos químicos"
62992578;"RDX DO BRASIL";MINAS GERAIS;2025;dentro;"Produção de substâncias e fabricação de produtos químicos | Fabricação de tintas, esmaltes, lacas, vernizes, impermeabilizantes, solventes e secantes"
27028240;"REAGEL ABC INDUSTRIA E COMERCIO LTDA";RIO DE JANEIRO;2025;dentro;"Fabricação de sabões, detergentes e velas | fabricação de preparados para limpeza e polimento, desinfetantes, inseticidas, germicidas e fungicidas - saneantes de uso domissanitários | Fabricação de preparados para limpeza e polimento, desinfetantes, inseticidas, germicidas e fungicidas"
39874204;"REALCY INDUSTRIA QUIMICA LTDA";PARANA;2024;dentro;"Fabricação de preparados para limpeza e polimento, desinfetantes, inseticidas, germicidas e fungicidas"
11959613;"REAW - INDUSTRIA E COMERCIO DE PRODUTOS ODONTOLOGICOS LTDA";SAO PAULO;2025;dentro;"Fabricação de resinas e de fibras e fios artificiais e sintéticos e de borracha e  látex sintéticos | Produção de substâncias e fabricação de produtos químicos"
08317002;"RECENA RESINAS, OLEOS E CERAS ESSENCIAIS LTDA";SAO PAULO;2022;dentro;"Produção de óleos, gorduras, ceras, vegetais e animais, óleos essenciais, vegetais e produtos similares, da destilação da madeira"
39611836;"RECICLE BRASIL OLEO VEGETAL LTDA";SAO PAULO;2024;dentro;"Produção de óleos, gorduras, ceras, vegetais e animais, óleos essenciais, vegetais e produtos similares, da destilação da madeira"
34915751;"RECICLE MAIS INDUSTRIA E COMERCIO DE RECICLAGEM LTDA";PARA;2024;dentro;"Fabricação de sabões, detergentes e velas"
04250385;"RECITHINNER-RECICLAGEM DE THINNER E SOLVENTES LTDA";PARANA;2025;dentro;"Fabricação de tintas, esmaltes, lacas, vernizes, impermeabilizantes, solventes e secantes"
28493114;"RECITINTAS INDÚSTRIA DE PRODUTOS QUÍMICOS LTDA";SANTA CATARINA;2025;dentro;"Fabricação de tintas, esmaltes, lacas, vernizes, impermeabilizantes, solventes e secantes"
61454393;"RECOFARMA INDÚSTRIA DO AMAZONAS LTDA";AMAZONAS;2025;dentro;"Fabricação de concentrados aromáticos naturais, artificiais e sintéticos"
40180943;"REFINARIA DE MANAUS S.A.";AMAZONAS;2025;dentro;"Fab. de prod deriv do processam. de petróleo, de rochas betumin e da madeira - Res CONAMA 362/2005: art. 2º, XIV | Fabricação de produtos derivados do processamento de petróleo, de rochas betuminosas e da madeira"
41777706;"REFINARIA DE MATARIPE S.A";BAHIA;2024;dentro;"Fabricação de produtos derivados do processamento de petróleo, de rochas betuminosas e da madeira"
41704775;"REFINARIA DE MUCURIPE S.A.";CEARA;2024;dentro;"Fabricação de produtos derivados do processamento de petróleo, de rochas betuminosas e da madeira"
33412081;"REFINARIA DE PETRÓLEOS DE MANGUINHOS S.A.";RIO DE JANEIRO;2025;dentro;"Fabricação de produtos derivados do processamento de petróleo, de rochas betuminosas e da madeira"
10177486;"REGETEC BREIER REGENERAÇÃO DE ÓLEOS LTDA";RIO GRANDE DO SUL;2025;dentro;"Recuperação e refino de solventes, óleos minerais, vegetais e animais"
43131110;"REI FOGOS INDUSTRIA E COMERCIO";MINAS GERAIS;2024;dentro;"Fabricação de pólvora, explosivos, detonantes, munição para caça e esporto, fósforo de Segurança e artigos pirotécnicos"
59186981;"REICHHOLD DO BRASIL LTDA";SAO PAULO;2023;dentro;"Fabricação de resinas e de fibras e fios artificiais e sintéticos e de borracha e  látex sintéticos | Produção de substâncias e fabricação de produtos químicos"
78177250;"REMOVEDORA DE RESIDUOS DE NAVIOS LITORAL LTDA";PARANA;2025;dentro;"Recuperação e refino de solventes, óleos minerais, vegetais e animais | Fabricação de produtos derivados do processamento de petróleo, de rochas betuminosas e da madeira"
33746782;"RENOVAR M.D.O TINTAS LTDA";MINAS GERAIS;2025;dentro;"Fabricação de tintas, esmaltes, lacas, vernizes, impermeabilizantes, solventes e secantes"
04238375;"RENSON INDUSTRIA E COMERCIO LTDA ME";SAO PAULO;2024;dentro;"Fabricação de preparados para limpeza e polimento, desinfetantes, inseticidas, germicidas e fungicidas"
43932102;"RENUKA DO BRASIL S/A";SAO PAULO;2025;dentro;"Produção de álcool etílico, metanol e similares"
75177857;"RENUKA VALE DO IVAÍ S/A";PARANA;2025;dentro;"Fabricação de combustíveis não derivados de petróleo | Produção de álcool etílico, metanol e similares"
64216476;"REPOX INDÚSTRIA E COMÉRCIO LTDA";MINAS GERAIS;2024;dentro;"Fabricação de tintas, esmaltes, lacas, vernizes, impermeabilizantes, solventes e secantes"
21498454;"REPSOL LUBRIFICANTES E ESPECIALIDADES BRASIL LTDA";SAO PAULO;2022;dentro;"produção de óleos - Resolução CONAMA nº 362/2005"
01327273;"RESICLEAR QUIMICA LTDA";SAO PAULO;2024;dentro;"Fabricação de tintas, esmaltes, lacas, vernizes, impermeabilizantes, solventes e secantes"
01838016;"RESIMINAS INDÚSTRIA QUÍMICA LTDA";SANTA CATARINA;2025;dentro;"Produção de substâncias e fabricação de produtos químicos"
05777322;"RESOLVE QUÍMICA LTDA";RIO GRANDE DO SUL;2024;dentro;"Recuperação e refino de solventes, óleos minerais, vegetais e animais"
03622414;"REVESPRIM IND. E COM. E SERVIÇOS DE REVEST DE PISO INDUSTRIAL LTDA EPP";SAO PAULO;2023;dentro;"Fabricação de tintas, esmaltes, lacas, vernizes, impermeabilizantes, solventes e secantes"
08079268;"REVESTIMENTOS E TINTA COLOR LTDA";SAO PAULO;2025;dentro;"Fabricação de tintas, esmaltes, lacas, vernizes, impermeabilizantes, solventes e secantes"
16718527;"REVPLUS INDÚSTRIA E COMÉRCIO DE TINTAS LTDA";PARANA;2024;dentro;"Fabricação de tintas, esmaltes, lacas, vernizes, impermeabilizantes, solventes e secantes"
05452947;"RHUANY INDUSTRIA QUIMICA LTDA ME";SAO PAULO;2023;dentro;"fabricação de preparados para limpeza e polimento, desinfetantes, inseticidas, germicidas e fungicidas - saneantes de uso domissanitários | Fabricação de preparados para limpeza e polimento, desinfetantes, inseticidas, germicidas e fungicidas"
04433436;"RIALER INDÚSTRIA QUÍMICA LTDA ME";SANTA CATARINA;2025;dentro;"Fabricação de sabões, detergentes e velas"
25245878;"RIBEIROS INDUSTRIA E COMERCIO DE PRODUTOS DE LIMPEZA LTDA - ME";SAO PAULO;2023;dentro;"Fabricação de sabões, detergentes e velas | fabricação de preparados para limpeza e polimento, desinfetantes, inseticidas, germicidas e fungicidas - saneantes de uso domissanitários | Fabricação de preparados para limpeza e polimento, desinfetantes, inseticidas, germicidas e fungicidas"
04331432;"RICEK INDUSTRIA E COMERCIO LTDA";PIAUI;2023;dentro;"Fabricação de sabões, detergentes e velas"
52178837;"RICHEM DO BRASIL INDÚSTRIA QUÍMICA LTDA";SAO PAULO;2025;dentro;"fabricação de preparados para limpeza e polimento, desinfetantes, inseticidas, germicidas e fungicidas - saneantes de uso domissanitários | Fabricação de sabões, detergentes e velas | Fabricação de preparados para limpeza e polimento, desinfetantes, inseticidas, germicidas e fungicidas"
23858708;"RIO AMAMBAI AGROENERGIA S.A";MATO GROSSO DO SUL;2024;dentro;"Produção de álcool etílico, metanol e similares"
01456816;"RIOCON FAZENDAS REUNIDAS RIO DE CONTAS LTDA";BAHIA;2024;dentro;"Produção de óleos, gorduras, ceras, vegetais e animais, óleos essenciais, vegetais e produtos similares, da destilação da madeira"
36073112;"RIZELAR INDUSTRIA E COMERCIO DE ARTIGOS DE LIMPEZA LTDA";RIO DE JANEIRO;2025;dentro;"Fabricação de preparados para limpeza e polimento, desinfetantes, inseticidas, germicidas e fungicidas | fabricação de preparados para limpeza e polimento, desinfetantes, inseticidas, germicidas e fungicidas - saneantes de uso domissanitários"
42829373;"RJ INSUMOS LTDA";ESPIRITO SANTO;2024;dentro;"Produção de substâncias e fabricação de produtos químicos"
20699489;"ROMA BIOTEC IND E COM LTDA";SAO PAULO;2023;dentro;"Produção de substâncias e fabricação de produtos químicos"
01998797;"ROMAGNOLI OLEOS VEGETAIS LTDA - EPP";PARANA;2024;dentro;"Produção de substâncias e fabricação de produtos químicos"
00574238;"RONALDS INKWELL IND E COMERCIO DE TINTAS LTDA";SAO PAULO;2024;dentro;"Fabricação de tintas, esmaltes, lacas, vernizes, impermeabilizantes, solventes e secantes"
45483054;"ROSA SA IND COM PROD AGRICOLAS";SAO PAULO;2025;dentro;"Fabricação de combustíveis não derivados de petróleo"
29040393;"ROSANGELA MOREIRA DE OLIVEIRA VACCARELLI";SAO PAULO;2023;dentro;"Fabricação de preparados para limpeza e polimento, desinfetantes, inseticidas, germicidas e fungicidas"
61198545;"ROTO FINISH ACABTO DE ARTF DE METAIS LTDA";SAO PAULO;2025;dentro;"Produção de substâncias e fabricação de produtos químicos"
02025577;"ROVERE DE ALMEIDA THOMAS ME";SAO PAULO;2024;dentro;"Fabricação de preparados para limpeza e polimento, desinfetantes, inseticidas, germicidas e fungicidas"
09082906;"ROZALCOOL DO BRASIL LTDA ME";SANTA CATARINA;2024;dentro;"Produção de álcool etílico, metanol e similares"
44224807;"RPM USINAGEM COMERCIAL E INDUSTRIAL LTDA. - ME";SAO PAULO;2025;dentro;"Fabricação de produtos derivados do processamento de petróleo, de rochas betuminosas e da madeira"
41903818;"RRF SOUZA TINTAS E REVESTIMENTOS LTDA";SAO PAULO;2023;dentro;"Fabricação de tintas, esmaltes, lacas, vernizes, impermeabilizantes, solventes e secantes"
06079389;"RSM INDÚSTRIA QUIMICA LTDA - ME";SAO PAULO;2024;dentro;"Produção de substâncias e fabricação de produtos químicos"
03347747;"RUBIATABA INDUSTRIAL S.A";GOIAS;2024;dentro;"Produção de álcool etílico, metanol e similares"
69033082;"RVD MATERIAIS DIELÉTRICOS LTDA.";SAO PAULO;2023;dentro;"Fabricação de tintas, esmaltes, lacas, vernizes, impermeabilizantes, solventes e secantes"
17581010;"RYMACOR INDUSTRIA E COMERCIO DE TINTAS LTDA";PARANA;2025;dentro;"Produção de substâncias e fabricação de produtos químicos"
01808863;"RZK QUIMICA DO BRASIL LTDA.";RIO DE JANEIRO;2025;dentro;"Fabricação de sabões, detergentes e velas | Produção de substâncias e fabricação de produtos químicos"
12229415;"S. A. USINA CORURIPE AÇÚCAR E ÁLCOOL";MINAS GERAIS;2025;dentro;"Produção de álcool etílico, metanol e similares | Fabricação de combustíveis não derivados de petróleo | Produção de substâncias e fabricação de produtos químicos"
68567650;"S.S.WHITE ARTIGOS DENTÁRIOS LTDA";RIO DE JANEIRO;2025;dentro;"Fabricação de produtos farmacêuticos e veterinários | Produção de substâncias e fabricação de produtos químicos"
04409153;"SAFRAS AGROINDUSTRIA SA";MATO GROSSO;2024;dentro;"Produção de óleos, gorduras, ceras, vegetais e animais, óleos essenciais, vegetais e produtos similares, da destilação da madeira"
03535512;"SALISIL QUÍMICA LTDA.";RIO GRANDE DO SUL;2024;dentro;"Fabricação de tintas, esmaltes, lacas, vernizes, impermeabilizantes, solventes e secantes"
45968162;"SALTO BOTELHO AGROENERGIA S/A";SAO PAULO;2025;dentro;"Produção de álcool etílico, metanol e similares"
12610043;"SALUTARI ACQUA LTDA ME";ESPIRITO SANTO;2024;dentro;"fabricação de preparados para limpeza e polimento, desinfetantes, inseticidas, germicidas e fungicidas - saneantes de uso domissanitários | Fabricação de preparados para limpeza e polimento, desinfetantes, inseticidas, germicidas e fungicidas"
50900051;"SALUTI COM. IND. LTDA.";ESPIRITO SANTO;2024;dentro;"Fabricação de preparados para limpeza e polimento, desinfetantes, inseticidas, germicidas e fungicidas"
15431928;"SAM COLA INDUSTRIA E COMÉRCIO LTDA";MINAS GERAIS;2023;dentro;"Produção de substâncias e fabricação de produtos químicos"
00849796;"SANITEX TECNOLOGIA EM PRODUTOS SERVICOS LTDA ME";SANTA CATARINA;2024;dentro;"Fabricação de tintas, esmaltes, lacas, vernizes, impermeabilizantes, solventes e secantes | Produção de substâncias e fabricação de produtos químicos"
01222528;"SANQUIMICA INDUSTRIA E COMERCIO DE DETERGENTES LTDA";SAO PAULO;2022;dentro;"Fabricação de preparados para limpeza e polimento, desinfetantes, inseticidas, germicidas e fungicidas"
22932516;"SANTA BARBARA COMERCIO DE CARVAO E DERIVADOS LTDA";SANTA CATARINA;2024;dentro;"Fabricação de produtos derivados do processamento de petróleo, de rochas betuminosas e da madeira"
06046699;"SANTA MARIA INDUSTRIA DE ÁLCOOL LTDA";SAO PAULO;2025;dentro;"Produção de álcool etílico, metanol e similares"
07981751;"SANTA VITÓRIA AÇÚCAR E ÁLCOOL LTDA";MINAS GERAIS;2024;dentro;"Fabricação de combustíveis não derivados de petróleo | Produção de álcool etílico, metanol e similares"
13891077;"SANTOS E MARTINS INDUSTRIA QUIMICA LTDA";MINAS GERAIS;2025;dentro;"Fabricação de preparados para limpeza e polimento, desinfetantes, inseticidas, germicidas e fungicidas"
32909879;"SANVIDA TRATAMENTO DE EFLUENTES LTDA";RIO GRANDE DO SUL;2023;dentro;"Fabricação de fertilizantes e agroquímicos"
09016850;"SAO LUIS BIOENERGIA LTDA";MARANHAO;2023;dentro;"Fabricação de produtos derivados do processamento de petróleo, de rochas betuminosas e da madeira"
24399223;"SATORI INDUSTRIA E COMERCIO DE PRODUTOS QUIMICOS LTDA";SAO PAULO;2024;dentro;"Fabricação de tintas, esmaltes, lacas, vernizes, impermeabilizantes, solventes e secantes"
84840164;"SCALEA INDÚSTRIA E COMÉRCIO DE PLÁSTICOS LTDA";PARANA;2023;dentro;"Fabricação de resinas e de fibras e fios artificiais e sintéticos e de borracha e  látex sintéticos"
08621097;"SCHWAAB COMPANY PESQUISA IND COM EXP IMP PRODUTOS";RONDONIA;2025;dentro;"Fabricação de sabões, detergentes e velas | Fabricação de perfumarias e cosméticos | Produção de óleos, gorduras, ceras, vegetais e animais, óleos essenciais, vegetais e produtos similares, da destilação da madeira"
73202327;"SCIENZA ABILE COMERCIO DE PRODUTOS QUIMICOS LTDA";SAO PAULO;2025;dentro;"Fabricação de preparados para limpeza e polimento, desinfetantes, inseticidas, germicidas e fungicidas"
31002596;"SCLEAN INDUSTRIA QUIMICA LTDA";SAO PAULO;2022;dentro;"Fabricação de produtos derivados do processamento de petróleo, de rochas betuminosas e da madeira"
11181903;"SEBO JI-PARANA IND COM DE PRODUTOS ANIMAIS LTDA";RONDONIA;2025;dentro;"Produção de óleos, gorduras, ceras, vegetais e animais, óleos essenciais, vegetais e produtos similares, da destilação da madeira"
02713514;"SENAGAL PRODUTOS DE LIMPEZA EM GERAL E AUTOMOTIVA LTDA.-ME";MINAS GERAIS;2025;dentro;"Fabricação de preparados para limpeza e polimento, desinfetantes, inseticidas, germicidas e fungicidas"
09090116;"SERGIO DONIZETE GRASSATO";SAO PAULO;2025;dentro;"Fabricação de preparados para limpeza e polimento, desinfetantes, inseticidas, germicidas e fungicidas"
30187372;"SERGIO FERNANDO CHICALSKI GAIA";SANTA CATARINA;2024;dentro;"Produção de substâncias e fabricação de produtos químicos"
10428839;"SERGIO LUIZ SCOPEL";RIO GRANDE DO SUL;2024;dentro;"Fabricação de tintas, esmaltes, lacas, vernizes, impermeabilizantes, solventes e secantes | Recuperação e refino de solventes, óleos minerais, vegetais e animais"
02104532;"SERRAMAR PRODUTOS PARA GALVANOPLASTIA LTDA.";RIO GRANDE DO SUL;2025;dentro;"Produção de substâncias e fabricação de produtos químicos"
37168474;"SFL TINTAS LTDA";SANTA CATARINA;2025;dentro;"Fabricação de tintas, esmaltes, lacas, vernizes, impermeabilizantes, solventes e secantes"
05656593;"SHEILA CRISTINE HATAKA PITTA -ME-";SAO PAULO;2023;dentro;"Fabricação de resinas e de fibras e fios artificiais e sintéticos e de borracha e  látex sintéticos"
36498229;"SIKA MBCC BRASIL INDUSTRIA E COMERCIO DE QUIMICOS PARA CONSTRUCAO LTDA";SAO PAULO;2025;dentro;"Produção de substâncias e fabricação de produtos químicos"
47060804;"SILKTECH PRODUTOS PARA ESTAMPARIA LTDA";SANTA CATARINA;2025;dentro;"Fabricação de tintas, esmaltes, lacas, vernizes, impermeabilizantes, solventes e secantes"
62373923;"SILPACHEM INDÚSTRIA E COMÉRCIO DE PRODUTOS QUÍMICOS LTDA";SAO PAULO;2023;dentro;"Produção de substâncias e fabricação de produtos químicos"
25321732;"SILRESIN - INDUSTRIA E COMERCIO DE RESINAS LTDA";SAO PAULO;2025;dentro;"Fabricação de tintas, esmaltes, lacas, vernizes, impermeabilizantes, solventes e secantes"
05340608;"SIMIONATO PRODUTOS DE LIMPEZA";PARANA;2022;dentro;"Fabricação de sabões, detergentes e velas | Fabricação de preparados para limpeza e polimento, desinfetantes, inseticidas, germicidas e fungicidas | fabricação de preparados para limpeza e polimento, desinfetantes, inseticidas, germicidas e fungicidas - saneantes de uso domissanitários"
23440487;"SINALVIP SINALIZAÇÃO E SEGURANÇA VIÁRIA LTDA";DISTRITO FEDERAL;2025;dentro;"Fabricação de resinas e de fibras e fios artificiais e sintéticos e de borracha e  látex sintéticos"
17692919;"SINO PROMISE MANAUS INDÚSTRIA E COMÉRCIO DE MATERIAL FOTOGRÁFICO LTDA";AMAZONAS;2022;dentro;"Produção de substâncias e fabricação de produtos químicos"
00472156;"SISAL SOLUCOES LTDA";RIO GRANDE DO SUL;2025;dentro;"Produção de substâncias e fabricação de produtos químicos"
44649440;"SITOL SOCIEDADE INDL. TEC. DE ÓLEOS LTDA";SAO PAULO;2023;dentro;"Recuperação e refino de solventes, óleos minerais, vegetais e animais"
31835178;"SKYMAR TINTAS E VERNIZES LTDA";SAO PAULO;2025;dentro;"Fabricação de tintas, esmaltes, lacas, vernizes, impermeabilizantes, solventes e secantes"
23880986;"SMARTOP COMERCIO E INDUSTRIA LTDA ME";CEARA;2025;dentro;"Fabricação de tintas, esmaltes, lacas, vernizes, impermeabilizantes, solventes e secantes | Fabricação de preparados para limpeza e polimento, desinfetantes, inseticidas, germicidas e fungicidas"
35077729;"SMELL ADITIVOS E LUBRIFICANTES INDUSTRIAIS LTDA";MINAS GERAIS;2025;dentro;"Fabricação de preparados para limpeza e polimento, desinfetantes, inseticidas, germicidas e fungicidas"
07397758;"SMELL IT INDÚSTRIA E COMÉRCIO LTDA - ME";BAHIA;2025;dentro;"Fabricação de perfumarias e cosméticos | Fabricação de preparados para limpeza e polimento, desinfetantes, inseticidas, germicidas e fungicidas"
13992108;"SMITH LIMPEZA LTDA";SAO PAULO;2025;dentro;"Fabricação de preparados para limpeza e polimento, desinfetantes, inseticidas, germicidas e fungicidas"
37752230;"SO LIMPEZA INDÚSTRIA E COMÉRCIO LTDA";CEARA;2024;dentro;"Fabricação de preparados para limpeza e polimento, desinfetantes, inseticidas, germicidas e fungicidas"
07988949;"SOARES IMAMURA LTDA";PARANA;2024;dentro;"Fabricação de preparados para limpeza e polimento, desinfetantes, inseticidas, germicidas e fungicidas"
20747892;"SOFFCOLOR INDUSTRIA E COMERCIO DE TINTAS LTDA";PARANA;2023;dentro;"Fabricação de tintas, esmaltes, lacas, vernizes, impermeabilizantes, solventes e secantes"
04061812;"SOFTBRILHO PRODUTOS LTDA";RIO GRANDE DO SUL;2025;dentro;"Fabricação de tintas, esmaltes, lacas, vernizes, impermeabilizantes, solventes e secantes"
03579433;"SOLAR INDUSTRIA DE QUIMICOS LTDA";PARANA;2025;dentro;"Produção de substâncias e fabricação de produtos químicos"
34107711;"SOLIS TECNOLOGIA DE COSMETICOS LTDA";SAO PAULO;2025;dentro;"Fab. de prod deriv do processam. de petróleo, de rochas betumin e da madeira - Res CONAMA 362/2005: art. 2º, XIV"
53912212;"SOLUTION PRODUTOS QUÍMICOS LTDA";RIO DE JANEIRO;2025;dentro;"Produção de substâncias e fabricação de produtos químicos"
47902283;"SONORA ESTÂNCIA";MATO GROSSO DO SUL;2025;dentro;"Produção de álcool etílico, metanol e similares | Fabricação de combustíveis não derivados de petróleo"
08675264;"SPA - INDÚSTRIA QUÍMICA LTDA - EPP";SAO PAULO;2024;dentro;"fabricação de preparados para limpeza e polimento, desinfetantes, inseticidas, germicidas e fungicidas - saneantes de uso domissanitários | Fabricação de preparados para limpeza e polimento, desinfetantes, inseticidas, germicidas e fungicidas"
47478178;"SPAN TERMOPLASTICOS INDUSTRIA E COMERCIO LTDA";MINAS GERAIS;2023;dentro;"Fabricação de resinas e de fibras e fios artificiais e sintéticos e de borracha e  látex sintéticos"
09062265;"SPOOMA IND E COM DE PRODUTOS DE LIMPEZA LTDA";PARAIBA;2025;dentro;"Fabricação de preparados para limpeza e polimento, desinfetantes, inseticidas, germicidas e fungicidas | Fabricação de sabões, detergentes e velas"
76315704;"SPRANGER LTDA ME";SANTA CATARINA;2023;dentro;"Fabricação de sabões, detergentes e velas"
05787733;"SRC INDUSTRIA E COMERCIO D MATERIAL PARA POLIMENTO LTDA UNIP";SAO PAULO;2025;dentro;"Fabricação de preparados para limpeza e polimento, desinfetantes, inseticidas, germicidas e fungicidas"
01493656;"STAMP QUIMICA INDUSTRIA E COMERCIO LTDA EPP";SANTA CATARINA;2022;dentro;"Fabricação de tintas, esmaltes, lacas, vernizes, impermeabilizantes, solventes e secantes"
26699422;"STAR FABRICAÇÃO DE TINTAS LTDA";CEARA;2024;dentro;"Fabricação de tintas, esmaltes, lacas, vernizes, impermeabilizantes, solventes e secantes"
02518869;"STEIN INDUSTRIA E COMERCIO DO NORDESTE LTDA - EPP";CEARA;2025;dentro;"Fabricação de tintas, esmaltes, lacas, vernizes, impermeabilizantes, solventes e secantes"
06344440;"STIRAX INDUSTRIA DE TINTAS E VERNIZES LTDA";SAO PAULO;2023;dentro;"Fabricação de tintas, esmaltes, lacas, vernizes, impermeabilizantes, solventes e secantes"
31776871;"STONE COLLOUR INDÚSTRIA E COMÉRCIO DE PRODUTOS QUÍMICOS LTDA - EPP";PERNAMBUCO;2024;dentro;"Fabricação de preparados para limpeza e polimento, desinfetantes, inseticidas, germicidas e fungicidas | Fabricação de sabões, detergentes e velas"
37918723;"SULFATO BARRA MANSA COMERCIO E INDUSTRIA LTD";RIO DE JANEIRO;2025;dentro;"Produção de substâncias e fabricação de produtos químicos"
07114605;"SUN COKE EAST SERVIÇOS DE COQUEIFICAÇÃO LTDA";ESPIRITO SANTO;2025;dentro;"Fabricação de combustíveis não derivados de petróleo"
49467293;"SUNNYVALE COMERCIO E REPRESENTAÇÕES LTDA.";SAO PAULO;2025;dentro;"Fabricação de tintas, esmaltes, lacas, vernizes, impermeabilizantes, solventes e secantes"
02703203;"SUPER FOGOS LTDA.";MINAS GERAIS;2025;dentro;"Fabricação de pólvora, explosivos, detonantes, munição para caça e esporto, fósforo de Segurança e artigos pirotécnicos"
19913263;"SUPREMA TINTAS IND COM TINTAS LTDA";SAO PAULO;2025;dentro;"Fabricação de tintas, esmaltes, lacas, vernizes, impermeabilizantes, solventes e secantes"
03225136;"SURF ISLAND IND DE PRANCHAS LTDA";SANTA CATARINA;2023;dentro;"Fabricação de resinas e de fibras e fios artificiais e sintéticos e de borracha e  látex sintéticos"
02368931;"SÚRIA QUÍMICA INDÚSTRIA E COMÉRCIO LTDA";MINAS GERAIS;2024;dentro;"Produção de óleos, gorduras, ceras, vegetais e animais, óleos essenciais, vegetais e produtos similares, da destilação da madeira"
21833325;"SWS INDUSTRIA QUÍMICA LTDA";PARANA;2025;dentro;"Produção de substâncias e fabricação de produtos químicos"
02923414;"SYSMEX DO BRASIL INDÚSTRIA E COMÉRCIO LTDA.";PARANA;2025;dentro;"Fabricação de produtos farmacêuticos e veterinários | Fabricação de combustíveis não derivados de petróleo"
04294483;"T J FEITOSA DISTRIBUIDORA DE MEDICAMENTOS LTDA";CEARA;2023;dentro;"Prod. de substâncias e fab. de prod químicos - Res. CONAMA 463/2014 / Res. CONAMA 472/2015"
53281028;"TA-Í TINTAS INDÚSTRIA E COMÉRCIO LTDA";SAO PAULO;2025;dentro;"Fabricação de tintas, esmaltes, lacas, vernizes, impermeabilizantes, solventes e secantes"
60397775;"TAKEDA PHARMA LTDA";SAO PAULO;2025;dentro;"Produção de substâncias e fabricação de produtos químicos | Fabricação de produtos farmacêuticos e veterinários"
34741612;"TCL QUIMICA INDUSTRIA DE MATERIAIS ODONTOLOGICOS, COMERCIO, IMPORTACAO E EXPORTACAO LTDA";SAO PAULO;2025;dentro;"Fabricação de resinas e de fibras e fios artificiais e sintéticos e de borracha e  látex sintéticos | Produção de substâncias e fabricação de produtos químicos"
18863765;"TECHNOCOLOR LTDA.";SAO PAULO;2022;dentro;"Fabricação de tintas, esmaltes, lacas, vernizes, impermeabilizantes, solventes e secantes"
00553006;"TECHSTONE INDUSTRIA E COMERCIO DE REVESTIMENTOS LTDA";PARANA;2025;dentro;"Fabricação de tintas, esmaltes, lacas, vernizes, impermeabilizantes, solventes e secantes"
00616970;"TECLUB INDUSTRIA E COMERCIO DE LUBRIFICANTES LTDA ME";PARANA;2025;dentro;"fabricação de produtos derivados do processamento de petróleo - Resolução CONAMA nº 362/205 | Fabricação de produtos derivados do processamento de petróleo, de rochas betuminosas e da madeira"
05429416;"TECNOKLIN COMERCIAL E INDUSTRIAL RIO PRETO EIRELI";SAO PAULO;2023;dentro;"Produção de substâncias e fabricação de produtos químicos"
90954108;"TECNOQUIMICA IND. DE ADITIVOS LTDA";RIO GRANDE DO SUL;2023;dentro;"Fabricação de preparados para limpeza e polimento, desinfetantes, inseticidas, germicidas e fungicidas | Produção de substâncias e fabricação de produtos químicos"
05077420;"TECNOTHINER INDÚSTRIA E COMÉRCIO DE PRODUTOS QUÍMICOS LTDA";SANTA CATARINA;2022;dentro;"Fabricação de tintas, esmaltes, lacas, vernizes, impermeabilizantes, solventes e secantes | Produção de substâncias e fabricação de produtos químicos"
82341041;"TECNOZINCO INDUSTRIA E COMERCIO DE PRODUTOS QUIMICOS LTDA ME";PARANA;2024;dentro;"Produção de substâncias e fabricação de produtos químicos"
29189150;"TEK FABRIL";GOIAS;2025;dentro;"Produção de substâncias e fabricação de produtos químicos"
67896233;"TERIO QUIMICA LTDA - EPP";SAO PAULO;2025;dentro;"fabricação de preparados para limpeza e polimento, desinfetantes, inseticidas, germicidas e fungicidas - saneantes de uso domissanitários | Fabricação de preparados para limpeza e polimento, desinfetantes, inseticidas, germicidas e fungicidas"
08786084;"TERRA-FLOR INDUSTRIA E COMERCIO DE AROMATERAPICOS";GOIAS;2025;dentro;"Fabricação de perfumarias e cosméticos | Produção de óleos, gorduras, ceras, vegetais e animais, óleos essenciais, vegetais e produtos similares, da destilação da madeira"
03257337;"TERRIBILE INDUSTRIA DE CARVÃO LTDA.";RIO GRANDE DO SUL;2025;dentro;"Fabricação de produtos derivados do processamento de petróleo, de rochas betuminosas e da madeira"
01731711;"TESTURITE INDUSTRIAL BRASILEIRA LTDA";PARANA;2024;dentro;"Fabricação de tintas, esmaltes, lacas, vernizes, impermeabilizantes, solventes e secantes | Produção de substâncias e fabricação de produtos químicos"
11445237;"TEXAS QUIMICA INDUSTRIA E COMERCIO DE PRODUTOS QUIMICOS LTDA";SAO PAULO;2024;dentro;"fabricação de preparados para limpeza e polimento, desinfetantes, inseticidas, germicidas e fungicidas - saneantes de uso domissanitários | Fabricação de preparados para limpeza e polimento, desinfetantes, inseticidas, germicidas e fungicidas"
04608635;"TEXSA DO BRASIL LTDA";PARANA;2024;dentro;"fabricação de produtos derivados do processamento de petróleo - Resolução CONAMA nº 362/205 | Fabricação de produtos derivados do processamento de petróleo, de rochas betuminosas e da madeira"
47233416;"TGM INDUSTRIA E COMERCIO DE ALCOOL E AGUARDENTE LTDA";SAO PAULO;2024;dentro;"Fabricação de combustíveis não derivados de petróleo"
12447773;"THIAGO DE CAMPOS GUILHERME INDUSTRIA E COMERCIO DE VELAS ME";SAO PAULO;2024;dentro;"Fabricação de sabões, detergentes e velas"
51843514;"TIETÊ AGROINDUSTRIAL S.A.";SAO PAULO;2025;dentro;"Produção de álcool etílico, metanol e similares | Fabricação de combustíveis não derivados de petróleo"
23357416;"TILLIT INDUSTRIA QUIMICA LTDA";SANTA CATARINA;2025;dentro;"Fabricação de preparados para limpeza e polimento, desinfetantes, inseticidas, germicidas e fungicidas"
43874136;"TIMAX TINTAS E SOLVENTES LTDA";SANTA CATARINA;2025;dentro;"Recuperação e refino de solventes, óleos minerais, vegetais e animais"
09362936;"TINTAPLUS INDÚSTRIA E COMÉRCIO DE TINTAS LTDA. EPP";PARANA;2024;dentro;"Fabricação de tintas, esmaltes, lacas, vernizes, impermeabilizantes, solventes e secantes"
04801578;"TINTAS ARAPONGAS LTDA";PARANA;2023;dentro;"Fabricação de tintas, esmaltes, lacas, vernizes, impermeabilizantes, solventes e secantes"
37948180;"TINTAS GUANACOR INDUSTRIA E COMERCIO DE MATERIAIS DE CONSTRUCAO EIRELI";BAHIA;2025;dentro;"Fabricação de tintas, esmaltes, lacas, vernizes, impermeabilizantes, solventes e secantes"
04670193;"TINTAS LIDCOR LTDA";RIO GRANDE DO SUL;2025;dentro;"Fabricação de tintas, esmaltes, lacas, vernizes, impermeabilizantes, solventes e secantes | Produção de substâncias e fabricação de produtos químicos"
09023294;"TINTAS RESIDENCE LTDA";MINAS GERAIS;2022;dentro;"Fabricação de tintas, esmaltes, lacas, vernizes, impermeabilizantes, solventes e secantes"
67246397;"TINTAS VERONIL INDUSTRIA E COMERCIO IMPORTAÇÃO E EXPORTAÇÃO";SAO PAULO;2024;dentro;"Fabricação de tintas, esmaltes, lacas, vernizes, impermeabilizantes, solventes e secantes"
36033709;"TK INDUSTRIA E COMERCIO DE TINTAS LTDA";SANTA CATARINA;2024;dentro;"Fabricação de tintas, esmaltes, lacas, vernizes, impermeabilizantes, solventes e secantes"
04116056;"TOBASA BIOINDUSTRIAL DE BABAÇU S.A.";TOCANTINS;2024;dentro;"Produção de óleos, gorduras, ceras, vegetais e animais, óleos essenciais, vegetais e produtos similares, da destilação da madeira"
27233726;"TOP COLLOR DO BRASIL TINTAS E TEXTURAS LTDA";SAO PAULO;2025;dentro;"Fabricação de tintas, esmaltes, lacas, vernizes, impermeabilizantes, solventes e secantes"
03443459;"TORDIN IND. E COM. DE PRODUTOS QUIMICOS LTDA EPP";SAO PAULO;2024;dentro;"Fabricação de tintas, esmaltes, lacas, vernizes, impermeabilizantes, solventes e secantes"
18397249;"TOTAL - AGRO ORGANICO LIMITADA";SAO PAULO;2025;dentro;"Fabricação de fertilizantes e agroquímicos"
15708533;"TOTAL TINTAS - EIRELLI - EPP";RIO DE JANEIRO;2025;dentro;"Fabricação de tintas, esmaltes, lacas, vernizes, impermeabilizantes, solventes e secantes"
57550225;"TOTALENERGIES MARKETING SERVICES BRASIL LUBRIFICANTES LTDA";SAO PAULO;2024;dentro;"Produção de substâncias e fabricação de produtos químicos"
55014609;"TOYOBO DO BRASIL LTDA";SAO PAULO;2025;dentro;"Fabricação de resinas e de fibras e fios artificiais e sintéticos e de borracha e  látex sintéticos | Produção de substâncias e fabricação de produtos químicos | Fabricação de tintas, esmaltes, lacas, vernizes, impermeabilizantes, solventes e secantes"
02295642;"TRANSPRIMO LTDA";MINAS GERAIS;2022;dentro;"Fabricação de produtos derivados do processamento de petróleo, de rochas betuminosas e da madeira"
09316419;"TRESPPOL INDUSTRIA E COMERCIO DE PRODUTOS QUIMICOS LTDA EPP";SAO PAULO;2023;dentro;"Fabricação de tintas, esmaltes, lacas, vernizes, impermeabilizantes, solventes e secantes"
13467387;"TRIAR SOLUÇÕES SUSTENTÁVEIS LTDA";SAO PAULO;2025;dentro;"Fabricação de fertilizantes e agroquímicos"
46207827;"TRIEX BIOENERGIA LTDA";RIO GRANDE DO SUL;2022;dentro;"Produção de álcool etílico, metanol e similares"
01510435;"TRIPLO X BRASIL LTDA";PARANA;2023;dentro;"Produção de substâncias e fabricação de produtos químicos"
02071071;"TRISPRAY AEROSSOIS TECNICOS LTDA";SAO PAULO;2025;dentro;"Produção de substâncias e fabricação de produtos químicos"
39951356;"TS PHARMA FABRICACAO DE PRODUTOS FARMOQUIMICOS LTDA";PARANA;2025;dentro;"Produção de substâncias e fabricação de produtos químicos"
10388134;"TUBARÃO AGRONEGOCIOS LTDA ME";SAO PAULO;2025;dentro;"Fabricação de fertilizantes e agroquímicos"
54744841;"UBE LATIN AMERICA LTDA";SAO PAULO;2025;dentro;"Produção de substâncias e fabricação de produtos químicos"
92969856;"UFRGS - UNIVERSIDADE FEDERAL DO RIO GRANDE DO SUL";RIO GRANDE DO SUL;2024;dentro;"Recuperação e refino de solventes, óleos minerais, vegetais e animais"
25944455;"UFV - UNIVERSIDADE FEDERAL DE VIÇOSA";MINAS GERAIS;2025;dentro;"Fabricação de fertilizantes e agroquímicos"
07947391;"ULTRACOLOR INDUSTRIA DE PRODUTOS QUIMICOS LTDA";ESPIRITO SANTO;2023;dentro;"Fabricação de tintas, esmaltes, lacas, vernizes, impermeabilizantes, solventes e secantes"
19331679;"UM URUSSANGA MINÉRIOS LTDA";SANTA CATARINA;2024;dentro;"Fabricação de combustíveis não derivados de petróleo"
03445208;"UMOE BIOENERGY S.A.";SAO PAULO;2025;dentro;"Fabricação de combustíveis não derivados de petróleo"
22074296;"UNIAO INDUSTRIA E COMERCIO DE INSUMOS AGRICOLAS LTDA";SAO PAULO;2023;dentro;"Fabricação de fertilizantes e agroquímicos"
54090550;"UNIÃO LUBRIFICANTES INDUSTRIAL LTDA. - EPP";SAO PAULO;2025;dentro;"produção de óleos - Resolução CONAMA nº 362/2005 | Fab. de prod deriv do processam. de petróleo, de rochas betumin e da madeira - Res CONAMA 362/2005: art. 2º, XIV"
25497280;"UNIJOHN SISTEMAS DE LIMPEZA LTDA - EPP";MINAS GERAIS;2025;dentro;"Fabricação de preparados para limpeza e polimento, desinfetantes, inseticidas, germicidas e fungicidas | Fabricação de perfumarias e cosméticos"
07987748;"URUACU ACUCAR E ALCOOL";GOIAS;2023;dentro;"Produção de álcool etílico, metanol e similares"
18623871;"USA PROFISSIONAL DO BRASIL TECNOLOGIAS PARA SHOWS EIRELI ME";SAO PAULO;2023;dentro;"Produção de substâncias e fabricação de produtos químicos"
19537471;"USA-USINA SANTO ANGELO LTDA";MINAS GERAIS;2025;dentro;"Produção de álcool etílico, metanol e similares | Fabricação de combustíveis não derivados de petróleo"
44346583;"USINA AÇUCAREIRA GUAIRA LIMITADA";SAO PAULO;2025;dentro;"Produção de álcool etílico, metanol e similares"
53009825;"USINA ALTA MOGIANA S/A - AÇÚCAR E ÁLCOOL";SAO PAULO;2023;dentro;"Produção de álcool etílico, metanol e similares"
48295562;"USINA ALTO ALEGRE S/A - AÇÚCAR E ÁLCOOL";SAO PAULO;2025;dentro;"Produção de álcool etílico, metanol e similares | Fabricação de sabões, detergentes e velas"
54470679;"USINA BATATAIS S/A AÇUCAR E ALCOOL";SAO PAULO;2025;dentro;"Produção de álcool etílico, metanol e similares | Fabricação de combustíveis não derivados de petróleo"
55109565;"USINA BAZAN S/A";SAO PAULO;2025;dentro;"Produção de álcool etílico, metanol e similares"
04969941;"USINA BELA VISTA S/A";SAO PAULO;2025;dentro;"Produção de álcool etílico, metanol e similares"
31059324;"USINA CENTRAL MATA SUL, INDUSTRIA E COMERCIO DE AÇÚCAR E ALCOOL LTDA.";PERNAMBUCO;2025;dentro;"Produção de álcool etílico, metanol e similares"
07298800;"USINA CONQUISTA DO PONTAL SA";SAO PAULO;2025;dentro;"Fabricação de combustíveis não derivados de petróleo"
02460988;"USINA GOIANÉSIA S/A";GOIAS;2025;dentro;"Fabricação de combustíveis não derivados de petróleo"
56624174;"USINA GRANELLI LTDA";SAO PAULO;2025;dentro;"Produção de álcool etílico, metanol e similares"
43533819;"USINA ITAJOBI LTDA - AÇÚCAR E ÁLCOOL";SAO PAULO;2024;dentro;"Fabricação de combustíveis não derivados de petróleo | Produção de álcool etílico, metanol e similares | Fabricação de produtos derivados do processamento de petróleo, de rochas betuminosas e da madeira"
07912062;"USINA LAGUNA ALCOOL E ACUCAR LTDA";MATO GROSSO DO SUL;2025;dentro;"Produção de álcool etílico, metanol e similares | Fabricação de combustíveis não derivados de petróleo"
09094632;"USINA MONTE ALEGRE S/A";PARAIBA;2024;dentro;"Produção de álcool etílico, metanol e similares | Fabricação de combustíveis não derivados de petróleo"
05692841;"USINA NATURAL COSMÉTICOS LTDA";SAO PAULO;2023;dentro;"Fabricação de perfumarias e cosméticos | Produção de substâncias e fabricação de produtos químicos"
07300906;"USINA NOVA GALIA LTDA";GOIAS;2025;dentro;"Produção de álcool etílico, metanol e similares"
27777903;"USINA PAINEIRAS S/A";ESPIRITO SANTO;2025;dentro;"Produção de álcool etílico, metanol e similares"
08704527;"USINA PANORAMA S/A";GOIAS;2025;dentro;"Produção de álcool etílico, metanol e similares | Fabricação de produtos derivados do processamento de petróleo, de rochas betuminosas e da madeira"
04588246;"USINA SANTA MARIA LTDA.";BAHIA;2025;dentro;"Fabricação de combustíveis não derivados de petróleo"
45353547;"USINA SANTA RITA S/A ACUCAR E ALCOOL";SAO PAULO;2025;dentro;"Produção de álcool etílico, metanol e similares | Fabricação de combustíveis não derivados de petróleo"
45483146;"USINA SANTA ROSA LTDA EM RECUPERACAO JUDICIAL";SAO PAULO;2024;dentro;"Fabricação de combustíveis não derivados de petróleo"
71324784;"USINA SANTO ANTONIO S.A.";SAO PAULO;2025;dentro;"Produção de álcool etílico, metanol e similares"
47063128;"USINA SÃO DOMINGOS AÇÚCAR E ETANOL S/A";SAO PAULO;2025;dentro;"Produção de álcool etílico, metanol e similares | Fabricação de resinas e de fibras e fios artificiais e sintéticos e de borracha e  látex sintéticos"
71324792;"USINA SÃO FRANCISCO S/A";SAO PAULO;2025;dentro;"Produção de álcool etílico, metanol e similares"
53408860;"USINA SAO LUIZ S/A";SAO PAULO;2025;dentro;"Produção de álcool etílico, metanol e similares"
12706289;"USINA SERRA GRANDE S/A";ALAGOAS;2025;dentro;"Produção de álcool etílico, metanol e similares | Fabricação de combustíveis não derivados de petróleo"
06941800;"USINA TERMO ELETRICA IOLANDO LEITE LTDA";SERGIPE;2022;dentro;"Fabricação de combustíveis não derivados de petróleo"
07674341;"USINA UBERABA S/A";MINAS GERAIS;2024;dentro;"Produção de álcool etílico, metanol e similares"
05242560;"USINA VERTENTE LTDA";SAO PAULO;2025;dentro;"Fabricação de combustíveis não derivados de petróleo | Produção de álcool etílico, metanol e similares"
60894730;"USINAS SIDERÚRGICAS DE MINAS GERAIS S/A.";SAO PAULO;2022;dentro;"Fabricação de combustíveis não derivados de petróleo"
29557079;"UZI COMERCIO INDUSTRIA E REPRESENTACAO DE PRODUTOS DE LIMPEZA";SAO PAULO;2023;dentro;"Fabricação de preparados para limpeza e polimento, desinfetantes, inseticidas, germicidas e fungicidas"
01167997;"V ROJAS CONTRERAS - ME";SAO PAULO;2023;dentro;"Fabricação de preparados para limpeza e polimento, desinfetantes, inseticidas, germicidas e fungicidas"
24542774;"V VILAS BOAS SOLUÇÃO EM LIMPEZA EIRELI";PARANA;2025;dentro;"Fabricação de preparados para limpeza e polimento, desinfetantes, inseticidas, germicidas e fungicidas"
19142145;"VALAGRO BRAZIL MANUFACTURING INDUSTRIA E COMERCIO DE FERTILIZANTES LTDA";SAO PAULO;2025;dentro;"Fabricação de fertilizantes e agroquímicos"
18113576;"VALDECI MACEDO SILVA ME";SAO PAULO;2023;dentro;"Produção de substâncias e fabricação de produtos químicos"
29540387;"VALDEMIR CARLOS DA SILVA - ME";SAO PAULO;2024;dentro;"Fabricação de preparados para limpeza e polimento, desinfetantes, inseticidas, germicidas e fungicidas"
05938884;"VALE DO PARANÁ S/A - ÁLCOOL E ÁÇÚCAR";SAO PAULO;2025;dentro;"Produção de álcool etílico, metanol e similares | Fabricação de combustíveis não derivados de petróleo"
02859452;"VALE DO VERDÃO S/A AÇÚCAR E ÁLCOOL";GOIAS;2024;dentro;"Fabricação de combustíveis não derivados de petróleo | Produção de álcool etílico, metanol e similares | Fabricação de produtos derivados do processamento de petróleo, de rochas betuminosas e da madeira"
09421533;"VALESCA SALTO INDÚSTRIA E COMÉRCIO DE PRODUTOS DE HIGIENE E LIMPEZA LTDA ME";SAO PAULO;2024;dentro;"Fabricação de sabões, detergentes e velas"
17170150;"VALLOUREC TUBOS DO BRASIL LTDA";MINAS GERAIS;2025;dentro;"Fabricação de produtos derivados do processamento de petróleo, de rochas betuminosas e da madeira | Fab. de prod deriv do processam. de petróleo, de rochas betumin e da madeira - Res CONAMA 362/2005: art. 2º, XIV"
10845701;"VALMIR ANTONIO COMARELLA - EPP";SAO PAULO;2022;dentro;"Fabricação de resinas e de fibras e fios artificiais e sintéticos e de borracha e  látex sintéticos"
50472547;"VANSIL INDÚSTRIA COMÉRCIO E REPRESENTAÇÕES LTDA";SAO PAULO;2025;dentro;"Fabricação de produtos farmacêuticos e veterinários | Fabricação de preparados para limpeza e polimento, desinfetantes, inseticidas, germicidas e fungicidas"
16791833;"VCI XWORLD ADITIVOS QUÍMICOS LTDA  ME";PARANA;2022;dentro;"Produção de substâncias e fabricação de produtos químicos"
02737439;"VECCHI LUBRIFICANTES LTDA";SAO PAULO;2025;dentro;"fabricação de produtos derivados do processamento de petróleo - Resolução CONAMA nº 362/205 | Fabricação de produtos derivados do processamento de petróleo, de rochas betuminosas e da madeira"
47172821;"VECTRON CONTROLE DE PRAGAS LTDA";CEARA;2022;dentro;"Produção de substâncias e fabricação de produtos químicos"
14680219;"VEDACIT DO NORDESTE S/A";BAHIA;2025;dentro;"Fabricação de tintas, esmaltes, lacas, vernizes, impermeabilizantes, solventes e secantes"
02940553;"VELAS ALIANÇA LTDA";MINAS GERAIS;2023;dentro;"Fabricação de sabões, detergentes e velas"
01011340;"VELAS DIVINA LUZ INDUSTRIA E COMERCIO LTDA";MINAS GERAIS;2025;dentro;"Fabricação de sabões, detergentes e velas"
79889580;"VELAS GUENTHER LTDA";SANTA CATARINA;2024;dentro;"Fabricação de preparados para limpeza e polimento, desinfetantes, inseticidas, germicidas e fungicidas"
12439024;"VELUMAR SOLUÇÕES LTDA";MINAS GERAIS;2024;dentro;"Produção de substâncias e fabricação de produtos químicos"
15771411;"VENITTI INDUSTRIA COSMETICA LTDA";SAO PAULO;2025;dentro;"Produção de substâncias e fabricação de produtos químicos"
07630645;"VERA DA SILVA NOGUEIRA";RIO GRANDE DO SUL;2025;dentro;"Fabricação de preparados para limpeza e polimento, desinfetantes, inseticidas, germicidas e fungicidas"
64747231;"VEREDA INDUSTRIA E COMERCIO DE PRODUTOS PARA LIMPEZA LTDA-EPP";SAO PAULO;2025;dentro;"fabricação de preparados para limpeza e polimento, desinfetantes, inseticidas, germicidas e fungicidas - saneantes de uso domissanitários | Fabricação de preparados para limpeza e polimento, desinfetantes, inseticidas, germicidas e fungicidas"
68184290;"VEROMAR INDÚSTRIA E COMÉRCIO DE PRODUTOS PARA AQUICULTURA LTDA. ME";SAO PAULO;2023;dentro;"Produção de substâncias e fabricação de produtos químicos | Fabricação de produtos farmacêuticos e veterinários"
10602176;"VG- INDÚSTRIA DE ADITIVOS DE USO INDUSTRIAL LTDA.";SAO PAULO;2025;dentro;"Produção de substâncias e fabricação de produtos químicos"
11643096;"VIATRIS FARMACEUTICA DO BRASIL LTDA";RIO DE JANEIRO;2024;dentro;"Fabricação de produtos farmacêuticos e veterinários | Produção de substâncias e fabricação de produtos químicos"
72426745;"VICTORIA MAXX INDUSTRIA E TERCEIRIZACAO DE COSMETICOS LTDA";RIO GRANDE DO SUL;2025;dentro;"Fabricação de perfumarias e cosméticos | Fabricação de concentrados aromáticos naturais, artificiais e sintéticos"
19965458;"VIENA CARBONIZAÇÃO LTDA";MARANHAO;2024;dentro;"Produção de óleos, gorduras, ceras, vegetais e animais, óleos essenciais, vegetais e produtos similares, da destilação da madeira | Fabricação de produtos derivados do processamento de petróleo, de rochas betuminosas e da madeira"
33425331;"VIGODENT S/A INDUSTRIA E COMERCIO";RIO DE JANEIRO;2024;dentro;"Produção de substâncias e fabricação de produtos químicos"
31105543;"VIGUS INDUSTRIA DE ADITIVOS LTDA.";SAO PAULO;2025;dentro;"Produção de substâncias e fabricação de produtos químicos"
33142247;"VIGUT INDUSTRIA DE PRODUTOS DE LIMPEZA LTDA";SAO PAULO;2025;dentro;"Fabricação de preparados para limpeza e polimento, desinfetantes, inseticidas, germicidas e fungicidas"
30360029;"VILLACRIL TINTAS LTDA";SAO PAULO;2023;dentro;"Fabricação de tintas, esmaltes, lacas, vernizes, impermeabilizantes, solventes e secantes"
08944601;"VILLAS BOAS RADIOFARMACOS BRASIL S/A";CEARA;2025;dentro;"Fabricação de produtos farmacêuticos e veterinários | Produção de substâncias e fabricação de produtos químicos"
49425259;"VIPI IND.COM.EXP.IMP.PROD.ODONT.LTDA.";SAO PAULO;2025;dentro;"Fabricação de resinas e de fibras e fios artificiais e sintéticos e de borracha e  látex sintéticos"
53811006;"VIRALCOOL ACUCAR E ALCOOL LTDA";SAO PAULO;2025;dentro;"Produção de álcool etílico, metanol e similares | Fabricação de combustíveis não derivados de petróleo"
49911589;"VIRGOLINO DE OLIVEIRA SA ACUCAR ALCOOL";SAO PAULO;2025;dentro;"Produção de álcool etílico, metanol e similares"
17034385;"VISAO CELESTIAL COMERCIO E REPRESENTACAO DE TINTAS E PLASTICOS LTDA - ME";SAO PAULO;2025;dentro;"Fabricação de tintas, esmaltes, lacas, vernizes, impermeabilizantes, solventes e secantes"
30296996;"VITAL AMBIENTAL LTDA";SAO PAULO;2024;dentro;"Recuperação e refino de solventes, óleos minerais, vegetais e animais"
01615080;"VITAQUÍMICA IND. E COM. DE PRODUTOS QUÍMICOS LTDA";RIO GRANDE DO SUL;2025;dentro;"Fabricação de preparados para limpeza e polimento, desinfetantes, inseticidas, germicidas e fungicidas"
66986746;"VOLP INDUSTRIA E COMERCIO LTDA";SAO PAULO;2023;dentro;"Produção de substâncias e fabricação de produtos químicos"
33634550;"VOXX TINTAS LTDA";RIO GRANDE DO SUL;2025;dentro;"Fabricação de tintas, esmaltes, lacas, vernizes, impermeabilizantes, solventes e secantes"
37496623;"W-AMP ESPECIALIDADES QUÍMICAS E BIOTECNOLOGIAS LTDA";RIO GRANDE DO SUL;2023;dentro;"Fabricação de sabões, detergentes e velas | Produção de substâncias e fabricação de produtos químicos"
01105558;"WD AGROINDUSTRIAL LTDA";MINAS GERAIS;2024;dentro;"Fabricação de combustíveis não derivados de petróleo"
85201143;"WECO DO BRASIL QUÍMICA LTDA";SANTA CATARINA;2023;dentro;"Produção de substâncias e fabricação de produtos químicos | Prod. de substâncias e fab. de prod químicos - Res. CONAMA 463/2014 / Res. CONAMA 472/2015"
16883436;"WELKSON HERCULANO BRAZIL - ME";CEARA;2023;dentro;"Fabricação de sabões, detergentes e velas"
22875690;"WELTON ALTIERES BARBOSA DA COSTA";SAO PAULO;2024;dentro;"Fabricação de fertilizantes e agroquímicos"
05006683;"WILSON PEREIRA DA SILVA - TACOS";SAO PAULO;2025;dentro;"fabricação de preparados para limpeza e polimento, desinfetantes, inseticidas, germicidas e fungicidas - saneantes de uso domissanitários | Fabricação de preparados para limpeza e polimento, desinfetantes, inseticidas, germicidas e fungicidas"
07416962;"WILSON PICCOLI RECICLAGEM LTDA";SAO PAULO;2025;dentro;"Recuperação e refino de solventes, óleos minerais, vegetais e animais"
05416880;"WINCOR QUÍMICA LTDAA - EPP";SAO PAULO;2022;dentro;"Produção de substâncias e fabricação de produtos químicos"
08430679;"WSUL ESPUMAS INDUSTRIA E COMERCIO LTDA";RIO GRANDE DO SUL;2024;dentro;"Fabricação de resinas e de fibras e fios artificiais e sintéticos e de borracha e  látex sintéticos"
80972912;"WUSTRO PRODUTOS QUÍMICOS LTDA EPP";SANTA CATARINA;2024;dentro;"fabricação de preparados para limpeza e polimento, desinfetantes, inseticidas, germicidas e fungicidas - saneantes de uso domissanitários | Fabricação de preparados para limpeza e polimento, desinfetantes, inseticidas, germicidas e fungicidas"
33822325;"XP BIO ÓLEOS E GORDURAS LTDA";SAO PAULO;2025;dentro;"Produção de substâncias e fabricação de produtos químicos"
16872022;"XYPD DO BRASIL EMBALAGENS LTDA";SAO PAULO;2025;dentro;"Produção de substâncias e fabricação de produtos químicos"
03701482;"YONG CHING LTDA-ME";PERNAMBUCO;2025;dentro;"Fabricação de preparados para limpeza e polimento, desinfetantes, inseticidas, germicidas e fungicidas"
41876387;"ZAP INDÚSTRIA E COMÉRCIO DE FOGOS LTDA.";MINAS GERAIS;2025;dentro;"Fabricação de pólvora, explosivos, detonantes, munição para caça e esporto, fósforo de Segurança e artigos pirotécnicos"
46569957;"ZEG BIOGAS AROEIRA SPE LTDA";MINAS GERAIS;2025;dentro;"Fabricação de combustíveis não derivados de petróleo"
10350451;"ZINID COMÉRCIO E INDUSTRIA DE ADESIVOS LTDA";SAO PAULO;2023;dentro;"Produção de substâncias e fabricação de produtos químicos"
43588045;"ZOETIS INDUSTRIA DE PRODUTOS VETERINÁRIOS LTDA.";SAO PAULO;2025;dentro;"Fabricação de produtos farmacêuticos e veterinários | Produção de substâncias e fabricação de produtos químicos"
17153030;"&CO. INDUSTRIA E COMÉRCIO DE COSMÉTICOS LTDA";SAO PAULO;2025;fora;"Fabricação de perfumarias e cosméticos"
38148529;"4WBIOTECH PESQUISA, SERVICOS E DESENVOLVIMENTO DE PRODUTOS LTDA";CEARA;2023;fora;"Fabricação de perfumarias e cosméticos"
33515412;"A QUIMICA SANTA MARINA S/A";RIO DE JANEIRO;2024;fora;"Fabricação de produtos farmacêuticos e veterinários"
00023851;"A.L.B.LUZ - EPP";SAO PAULO;2024;fora;"Fabricação de produtos farmacêuticos e veterinários"
04310625;"A´REVALO INDÚSTRIA E COMÉRCIO DE COSMÉTICOS IMPORTAÇÃO E EXPORTAÇÃO EIRELI";SAO PAULO;2024;fora;"Fabricação de perfumarias e cosméticos"
07558250;"ABBOCCATO IND. E COM. COSMÉTICOS ME";SANTA CATARINA;2024;fora;"Fabricação de perfumarias e cosméticos"
16906075;"ABDANUR COSMETICOS";MINAS GERAIS;2025;fora;"Fabricação de perfumarias e cosméticos"
39273732;"ACEMAR INDUSTRIA QUIMICA E COMERCIO LTDA.";SAO PAULO;2025;fora;"Fabricação de perfumarias e cosméticos"
09625967;"ACG DO BRASIL S/A";MINAS GERAIS;2025;fora;"Fabricação de produtos farmacêuticos e veterinários"
17366976;"ACURATE INDUSTRIA E COMÉRCIO LTDA";SANTA CATARINA;2023;fora;"Fabricação de produtos farmacêuticos e veterinários"
19544151;"ADVANCED DO BRASIL LTDA.-ME-";SAO PAULO;2023;fora;"Fabricação de perfumarias e cosméticos"
11032063;"AERO COSMETIC INDÚSTRIA, COMÉRCIO, IMPORTAÇÃO E EXPORTAÇÃO DE AEROSSÓIS E COSMETICOS";SAO PAULO;2023;fora;"Fabricação de perfumarias e cosméticos"
16633219;"AG MARCAS INDUSTRIA E COMERCIO DE COSMETICOS EIRELI ME";SAO PAULO;2023;fora;"Fabricação de perfumarias e cosméticos"
02778725;"ÁGATA COSMÉTICOS LTDA";MINAS GERAIS;2025;fora;"Fabricação de perfumarias e cosméticos"
02901753;"AGILISE COSMETICOS INDUSTRIA E COMERCIO LTDA";SAO PAULO;2025;fora;"Fabricação de perfumarias e cosméticos"
09399638;"AGUSS INDÚSTRIA E COMÉRCIO DE COSMÉTICOS LTDA";SAO PAULO;2024;fora;"Fabricação de perfumarias e cosméticos"
05750272;"AIMER COSMETICOS LTDA";MINAS GERAIS;2024;fora;"Fabricação de perfumarias e cosméticos"
01192589;"AJR INDUSTRIA E COMERCIO DE COSMETICOS E PRODUTOS VETERINARIOS LTDA";MINAS GERAIS;2025;fora;"Fabricação de perfumarias e cosméticos"
13134273;"AKOR INDUSTRIA DE PRODUTOS COSMETICOS LTDA - ME";RIO GRANDE DO SUL;2025;fora;"Fabricação de perfumarias e cosméticos"
07856207;"ALESS KANAAN QUIMICA INDUSTRIA E COMÉRCIO DE PRODUTOS HIGIÊNICOS LTDA ME";SAO PAULO;2025;fora;"Fabricação de perfumarias e cosméticos"
08541624;"ALFAHAIR INDUSTRIA E COMERCIO DE COSMETICOS EIRELI-ME";ESPIRITO SANTO;2025;fora;"Fabricação de perfumarias e cosméticos"
25066271;"ALGSUN INDUSTRIA E COMERCIO DE PRODUTOS EIRELI";RIO DE JANEIRO;2024;fora;"Fabricação de perfumarias e cosméticos"
29223262;"ALHE COSMETICOS LTDA";SAO PAULO;2024;fora;"Fabricação de perfumarias e cosméticos"
03982695;"ALIANZA INDUSTRIA E COMERCIO DE COSMETICOS LTDA EPP";SAO PAULO;2025;fora;"Fabricação de perfumarias e cosméticos"
60371010;"ALIVIRA SAUDE ANIMAL LTDA";SAO PAULO;2024;fora;"Fabricação de produtos farmacêuticos e veterinários"
06216483;"ALIYAH INDÚSTRIA COSMÉTICA LTDA";SAO PAULO;2025;fora;"Fabricação de perfumarias e cosméticos"
09520621;"ALLEATO IND E COMERCIO DE COSMÉTICOS LTDA";SAO PAULO;2024;fora;"Fabricação de perfumarias e cosméticos"
43426626;"ALLERGAN PRODUTOS FARMACEUTICOS LTDA";SAO PAULO;2025;fora;"Fabricação de produtos farmacêuticos e veterinários"
52244811;"ALLUME COSMETICOS INDUSTRIA E COMERCIO LTDA";SAO PAULO;2025;fora;"Fabricação de perfumarias e cosméticos"
03785217;"ALPHA COLOR S/A - ETIQUETAS E ROTULOS";SAO PAULO;2024;fora;"Fabricação de perfumarias e cosméticos"
10710100;"ALPHA INDUSTRIAL LTDA EPP";ESPIRITO SANTO;2025;fora;"Fabricação de perfumarias e cosméticos"
20984656;"ALQUIMIA INDUSTRIA E COMERCIO DE COSMETICOS FULL SERVICE LTDA";MINAS GERAIS;2025;fora;"Fabricação de perfumarias e cosméticos"
34413992;"ALQUIVERDE INDUSTRIA E COMERCIO LTDA";SAO PAULO;2025;fora;"Fabricação de perfumarias e cosméticos"
04267338;"ALTA COSMETICA INDUSTRIA COMERCIO IMPORTACAO E EXPORTACAO LTDA.";GOIAS;2025;fora;"Fabricação de perfumarias e cosméticos"
48344725;"ALTHAIA S/A INDÚSTRIA FARMACÊUTICA";SAO PAULO;2025;fora;"Fabricação de produtos farmacêuticos e veterinários"
05599682;"ALVA COSMÉTICOS EIRELI";MINAS GERAIS;2024;fora;"Fabricação de perfumarias e cosméticos"
20343112;"AMO AROMA COMERCIO E SERVIÇOS DE PERFUMARIA LTDA";SAO PAULO;2024;fora;"Fabricação de perfumarias e cosméticos"
27982597;"ANA FLÁVIA ORTOLAN ISMAEL - ME";SAO PAULO;2025;fora;"Fabricação de perfumarias e cosméticos"
19138182;"ANCLA´S INDUSTRIA E COMERCIO DE COSMETICOS LTDA EPP";SAO PAULO;2025;fora;"Fabricação de perfumarias e cosméticos"
37356659;"ANDARA INDUSTRIA E COMERCIO DE COSMESTICOS LTDA";GOIAS;2024;fora;"Fabricação de perfumarias e cosméticos"
05116433;"ANIMAIS PRODUTOS VETERINARIOS LTDA ME";SAO PAULO;2023;fora;"Fabricação de perfumarias e cosméticos"
05409790;"ANNA FLORA INDUSTRIA E COMERCIO DE PERFUMARIA E COSMETICOS LTDA ME";SAO PAULO;2024;fora;"Fabricação de perfumarias e cosméticos"
07518663;"ANNY IND. E COM. DE COSMÉTICOS LTDA ME";ESPIRITO SANTO;2025;fora;"Fabricação de perfumarias e cosméticos"
19426695;"ANOVIS INDUSTRIAL FARMACEUTICA LTDA.";SAO PAULO;2025;fora;"Fabricação de produtos farmacêuticos e veterinários"
21425204;"ANTENUCCI & CHINAGLIA LTDA - ME";SAO PAULO;2024;fora;"Fabricação de perfumarias e cosméticos"
05439635;"ANTIBIÓTICOS DO BRASIL LTDA";SAO PAULO;2025;fora;"Fabricação de produtos farmacêuticos e veterinários"
21035746;"ANTÔNIO MOREIRA DA SILVA ME";MINAS GERAIS;2025;fora;"Fabricação de perfumarias e cosméticos"
14663297;"ANX INDÚSTRIA E COMÉRCIO DE COSMÉTICOS LTDA ME";SANTA CATARINA;2022;fora;"Fabricação de produtos farmacêuticos e veterinários"
04310390;"APC DO BRASIL LTDA.";GOIAS;2024;fora;"Fabricação de produtos farmacêuticos e veterinários"
07857205;"APCS INDÚSTRIA E COMÉRCIO DE PRODUTOS HIGIENICOS EIRELI";SAO PAULO;2023;fora;"Fabricação de perfumarias e cosméticos"
05574919;"APF INDUSTRIA E COMÉRCIO LTDA";RIO DE JANEIRO;2024;fora;"Fabricação de perfumarias e cosméticos"
08623125;"APINIL INDÚSTRIA E COMÉRCIO DE COSMÉTICOS LTDA";GOIAS;2025;fora;"Fabricação de perfumarias e cosméticos"
49345358;"APIS FLORA INDUSTRIAL E COMERCIAL LTDA";SAO PAULO;2025;fora;"Fabricação de produtos farmacêuticos e veterinários | Fabricação de perfumarias e cosméticos"
62462015;"APSEN FARMACEUTICA S/A";SAO PAULO;2025;fora;"Fabricação de produtos farmacêuticos e veterinários"
10675040;"ARAMATH COSMÉTICOS EIRELI";SAO PAULO;2025;fora;"Fabricação de perfumarias e cosméticos"
07670111;"ARESE PHARMA LTDA";SAO PAULO;2025;fora;"Fabricação de produtos farmacêuticos e veterinários"
06204801;"ARGILA INDÚSTRIA E COMÉRCIO DE COSMÉTICOS LTDA";MINAS GERAIS;2025;fora;"Fabricação de perfumarias e cosméticos"
01293407;"ARIZZO INDÚSTRIA DE COSMÉTICOS LTDA";RIO GRANDE DO SUL;2025;fora;"Fabricação de perfumarias e cosméticos"
05125873;"AROMAS E SACHE LTDA.";SAO PAULO;2025;fora;"Fabricação de perfumarias e cosméticos"
02472357;"AROMÁTICA INDUSTRIAL LTDA";SAO PAULO;2025;fora;"Fabricação de perfumarias e cosméticos"
06141135;"AROVIDA INDÚSTRIA E COMÉRCIO DE COSMÉTICOS LTDA EPP";SAO PAULO;2024;fora;"Fabricação de perfumarias e cosméticos"
00005459;"ARTE DOS AROMAS INDUSTRIA E COMERCIO LTDA ME";SAO PAULO;2023;fora;"Fabricação de perfumarias e cosméticos"
28518505;"ARUAK INDUSTRIA E COMERCIO DE COSMETICOS - EIRELI";SAO PAULO;2024;fora;"Fabricação de perfumarias e cosméticos"
60318797;"ASTRAZENECA DO BRASIL LTDA";SAO PAULO;2025;fora;"Fabricação de produtos farmacêuticos e veterinários"
28318609;"ATELIE DA BELEZA INDUSTRIA E COMERCIO DE COSMETICOS LTDA - ME";MINAS GERAIS;2024;fora;"Fabricação de perfumarias e cosméticos"
01287021;"ATHENAS IND. DE TERCEIRIZACAO E NACIONALIZACAO DE COSMETICOS";SAO PAULO;2025;fora;"Fabricação de perfumarias e cosméticos"
15570632;"ATIVO COSMÉTICO EIRELI - ME";SAO PAULO;2025;fora;"Fabricação de perfumarias e cosméticos"
41298100;"AUGUSTO FERREIRA DA SILVA ME";CEARA;2025;fora;"Fabricação de perfumarias e cosméticos"
04301884;"AUROBINDO PHARMA INDÚSTRIA FARMACÊUTICA LTDA";GOIAS;2022;fora;"Fabricação de produtos farmacêuticos e veterinários"
03726002;"AUTIE INDUSTRIA E COMERCIO LTDA EPP";SANTA CATARINA;2023;fora;"Fabricação de perfumarias e cosméticos"
38588539;"AVANTE LTDA";MINAS GERAIS;2025;fora;"Fabricação de perfumarias e cosméticos"
17910635;"AVENCA INDUSTRIA COSMETICA LTDA";SAO PAULO;2024;fora;"Fabricação de perfumarias e cosméticos"
07324558;"AVL INDUSTRIAL LTDA - ME";SAO PAULO;2022;fora;"Fabricação de perfumarias e cosméticos"
39299870;"AVLFM INDUSTRIA DE COSMETICOS LTDA";ESPIRITO SANTO;2025;fora;"Fabricação de perfumarias e cosméticos"
00680516;"AVON INDUSTRIAL LTDA";SAO PAULO;2025;fora;"Fabricação de perfumarias e cosméticos"
15435515;"AXIGRAM LABORATÓRIO LTDA-ME";SAO PAULO;2024;fora;"Fabricação de perfumarias e cosméticos"
14121769;"AXKOR COSMÉTICOS LTDA - EPP";SAO PAULO;2024;fora;"Fabricação de perfumarias e cosméticos"
08067672;"AYA INDUSTRIA E COMÉRCIO DE COSMÉTICOS LTDA ME";MINAS GERAIS;2024;fora;"Fabricação de perfumarias e cosméticos"
06179696;"AYSEN INDUSTRIA DE COSMETICOS LTDA - EPP";BAHIA;2024;fora;"Fabricação de perfumarias e cosméticos"
27306494;"AZS INDUSTRIA E COMERCIO EIRELI";SAO PAULO;2022;fora;"Fabricação de perfumarias e cosméticos"
02617807;"AZZOUL COSMETICOS INDUSTRIA E COMERCIO LTDA - ME";SAO PAULO;2025;fora;"Fabricação de perfumarias e cosméticos"
42845318;"B C I INDUSTRIA DE COSMETICOS LTDA";SAO PAULO;2023;fora;"Fabricação de perfumarias e cosméticos"
10571238;"B. F. MARTINS LTDA";SAO PAULO;2025;fora;"Fabricação de perfumarias e cosméticos"
06813324;"B&M INDÚSTRIA, COMÉRCIO E DISTRIBUIÇÃO DE COSMÉTICOS LTDA ME";SAO PAULO;2025;fora;"Fabricação de perfumarias e cosméticos"
08100015;"BALDER INDUSTRIA FARMACEUTICA LTDA";MINAS GERAIS;2025;fora;"Fabricação de produtos farmacêuticos e veterinários"
27418798;"BAOBA NATURAL E ARTESANAL LTDA";SAO PAULO;2025;fora;"Fabricação de perfumarias e cosméticos"
36526169;"BASAL INDUSTRIA FARMACÊUTICA LTDA";RIO GRANDE DO SUL;2025;fora;"Fabricação de produtos farmacêuticos e veterinários"
09427823;"BEAUTY LAB DO BRASIL LTDA.";SAO PAULO;2025;fora;"Fabricação de perfumarias e cosméticos"
44672156;"BEAUTY LAB INOVAÇÃO COSMÉTICOS LTDA";SAO PAULO;2024;fora;"Fabricação de perfumarias e cosméticos"
26318479;"BEDALM PHARMA DO BRASIL LTDA";SAO PAULO;2022;fora;"Fabricação de produtos farmacêuticos e veterinários"
01786983;"BEIERSDORF INDÚSTRIA E COMERCIO LTDA";SAO PAULO;2024;fora;"Fabricação de perfumarias e cosméticos"
05657505;"BEKA COSMÉTICOS EIRELI";MINAS GERAIS;2024;fora;"Fabricação de perfumarias e cosméticos"
47231121;"BEKER PRODUTOS FARMACO HOSPITALARES LTDA";SAO PAULO;2025;fora;"Fabricação de produtos farmacêuticos e veterinários"
13578431;"BELA POR NATUREZA COMERCIO E MANIPULAÇÃO DE COSMETICOS,PERFUMARIA E PRODUTOS DE HIGIENE LTDA-EPP";SAO PAULO;2024;fora;"Fabricação de perfumarias e cosméticos"
47409754;"BELAD INDUSTRIA E COMERCIO DE COSMÉTICOS LTDA";SAO PAULO;2025;fora;"Fabricação de perfumarias e cosméticos"
16724501;"BELEZA PROFESSIONAL COSMETICS LTDA";SAO PAULO;2023;fora;"Fabricação de perfumarias e cosméticos"
18324343;"BELFAR LTDA";MINAS GERAIS;2025;fora;"Fabricação de produtos farmacêuticos e veterinários"
31810610;"BELISSIMA INDUSTRIA DE COSMETICOS LTDA";BAHIA;2025;fora;"Fabricação de perfumarias e cosméticos"
64708829;"BELL CORPUS COSMETICOS LTDA";GOIAS;2025;fora;"Fabricação de perfumarias e cosméticos"
25014425;"BELLE INDUSTRIA E COMERCIO DE COSMETICOS E PERFUMARIA LTDA ME";CEARA;2022;fora;"Fabricação de perfumarias e cosméticos"
04167746;"BELLPLUS INDUSTRIA E COMERCIO DE COSMETICOS LTDA";PARANA;2023;fora;"Fabricação de perfumarias e cosméticos"
08040489;"BEM ESTAR INDUSTRIA, COMERCIO E IMPORTACAO DE COSMETICOS S.A.";SAO PAULO;2025;fora;"Fabricação de perfumarias e cosméticos"
22068441;"BENATURAL SOLUCOES SUSTENTAVEIS LTDA";SAO PAULO;2025;fora;"Fabricação de perfumarias e cosméticos"
03410706;"BENESSERE COMERCIO DE PRODUTOS NATURAIS LTDA";RIO DE JANEIRO;2024;fora;"Fabricação de perfumarias e cosméticos"
30819966;"BF COSMETICOS PRODUTOS PARA A SAUDE LTDA";SAO PAULO;2024;fora;"Fabricação de perfumarias e cosméticos"
00003390;"BIDY TECNOLOGIA DE COSMÉTICOS LTDA";SAO PAULO;2025;fora;"Fabricação de perfumarias e cosméticos"
10409872;"BIO CERRADO FITOTERÁPICO PRODUTOS NATURAIS INDÚSTRIA E COMERCIO LTDA";GOIAS;2025;fora;"Fabricação de perfumarias e cosméticos"
07882964;"BIO INSTINTO INDUSTRIA E COMERCIO DE COSMETICOS LTDA - ME";GOIAS;2025;fora;"Fabricação de perfumarias e cosméticos"
04816602;"BIO NUTRIENTES DO BRASIL LTDA";SAO PAULO;2025;fora;"Fabricação de produtos farmacêuticos e veterinários"
04552888;"BIO SCIENTIFIC INDÚSTRIA DE COSMÉTICOS LTDA";SAO PAULO;2025;fora;"Fabricação de perfumarias e cosméticos"
05591174;"BIO SEIVA INDUSTRIA E COMERCIO DE COMESTICOS LTDA";CEARA;2024;fora;"Fabricação de perfumarias e cosméticos"
03188198;"BIO-RAD LABORATORIOS BRASIL LTDA";MINAS GERAIS;2025;fora;"Fabricação de produtos farmacêuticos e veterinários"
23146163;"BIOBLASTI INDUSTRIA COMERCIO IMPORTAÇÃO E EXPORTAÇÃO DE BIOMATERIAIS E PRODUTOS BIOTECNOLOGICOS LTDA";SAO PAULO;2023;fora;"Fabricação de produtos farmacêuticos e veterinários"
00095051;"BIOCILIN INDUSTRIA DE COSMETICOS EIRELI";MINAS GERAIS;2024;fora;"Fabricação de perfumarias e cosméticos"
02793452;"BIOCLEAN COMERCIAL LTDA";SAO PAULO;2025;fora;"Fabricação de perfumarias e cosméticos"
03075426;"BIODONT INDUSTRIA, COMERCIO, IMPORTACAO E EXPORTACAO EIRELI";PARANA;2025;fora;"Fabricação de perfumarias e cosméticos"
00256591;"BIOFARM QUIMICA E FARMACEUTICA LT";SAO PAULO;2025;fora;"Fabricação de produtos farmacêuticos e veterinários"
49475833;"BIOLAB SANUS FARMACEUTICA LTDA";SAO PAULO;2025;fora;"Fabricação de produtos farmacêuticos e veterinários | Fabricação de perfumarias e cosméticos"
04571365;"BIOLIFE INDÚSTRIA E COMÉRCIO DE COSMÉTICOS LTDA";MINAS GERAIS;2024;fora;"Fabricação de perfumarias e cosméticos"
27091984;"BIOLINE INDUSTRIA E DISTRIBUIDORA DE COSMETICOS LTDA";SAO PAULO;2024;fora;"Fabricação de perfumarias e cosméticos"
52198095;"BIOMAGISTRAL FARMACEUTICA UBERABA LTDA";MINAS GERAIS;2025;fora;"Fabricação de produtos farmacêuticos e veterinários"
26109801;"BIOMIN BIOTECNOLOGIA LTDA";MINAS GERAIS;2024;fora;"Fabricação de produtos farmacêuticos e veterinários"
04752991;"BIOMM S.A";MINAS GERAIS;2025;fora;"Fabricação de produtos farmacêuticos e veterinários"
30719974;"BIONATIVA INDUSTRIA E CORMECIO DE COSMETICOS LTDA";GOIAS;2025;fora;"Fabricação de perfumarias e cosméticos"
12320079;"BIONOVIS S.A. COMPANHIA BRASILEIRA DE BIOTECNOLOGIA FARMACEUTICA";SAO PAULO;2025;fora;"Fabricação de produtos farmacêuticos e veterinários"
10323063;"BIOTYPE INDUSTRIA E COMERCIO DE COSMÉTICOS LTDA";SAO PAULO;2022;fora;"Fabricação de perfumarias e cosméticos"
08274239;"BIOZER DA AMAZONIA INDÚSTRIA E COMÉRCIO DE COSMÉTICOS E FITOTERAPICOS LTDA";AMAZONAS;2025;fora;"Fabricação de perfumarias e cosméticos"
40156353;"BK4 INDUSTRIA, COMERCIO, IMPORTACAO E EXPORTACAO LIMITADA";SAO PAULO;2025;fora;"Fabricação de perfumarias e cosméticos"
27011022;"BL INDUSTRIA OTICA LTDA";SAO PAULO;2023;fora;"Fabricação de produtos farmacêuticos e veterinários"
58430828;"BLAU FARMACÊUTICA S.A.";SAO PAULO;2024;fora;"Fabricação de produtos farmacêuticos e veterinários"
07728817;"BLEND COSMÉTICOS INDUSTRIA LTDA ME";SAO PAULO;2024;fora;"Fabricação de perfumarias e cosméticos"
31988342;"BLGB INDUSTRIA DE COSMETICOS LTDA";SAO PAULO;2025;fora;"Fabricação de perfumarias e cosméticos"
60831658;"BOEHRINGER INGELHEIM DO BRASIL Q.E F. LTDA";SAO PAULO;2022;fora;"Fabricação de produtos farmacêuticos e veterinários"
57600249;"BOEHRINGER-INGELHEIM ANIMAL HEALTH DO BRASIL LTDA";SAO PAULO;2025;fora;"Fabricação de produtos farmacêuticos e veterinários"
82566340;"BONYPLUS INDÚSTRIA E COMÉRCIO DE COSMÉTICOS LTDA";PARANA;2025;fora;"Fabricação de perfumarias e cosméticos"
04687938;"BOTHANICO HAIR COSMETIC NATURAL LTDA - EPP";MINAS GERAIS;2025;fora;"Fabricação de perfumarias e cosméticos"
77388007;"BOTICA COMERCIAL FARMACEUTICA LTDA";PARANA;2025;fora;"Fabricação de perfumarias e cosméticos | Fabricação de produtos farmacêuticos e veterinários"
03039986;"BOTICA PHARMACIA DE MANIPULACAO LTDA";PARAIBA;2025;fora;"Fabricação de produtos farmacêuticos e veterinários"
11195056;"BOTUPHARMA INDUSTRIA E COMERCIO DE PRODUTOS VETERINARIOS LTDA";SAO PAULO;2025;fora;"Fabricação de produtos farmacêuticos e veterinários"
07585335;"BR BEAUTY INDUSTRIA E COMERCIO LTDA";SAO PAULO;2025;fora;"Fabricação de perfumarias e cosméticos"
18111980;"BRAIN CESAR ELZARK COSMÉTICOS LTDA";SAO PAULO;2025;fora;"Fabricação de perfumarias e cosméticos"
05161069;"BRAINFARMA INDUSTRIA QUÍMICA E FARMACÊUTICA LTDA";RIO DE JANEIRO;2025;fora;"Fabricação de produtos farmacêuticos e veterinários"
05378994;"BRASIL AROMATICOS PRODUTOS NATURAIS LDTA";SAO PAULO;2025;fora;"Fabricação de perfumarias e cosméticos"
52855782;"BRASIL BEAUTY LABS INDÚSTRIA DE COSMÉTICOS LTDA";SAO PAULO;2024;fora;"Fabricação de perfumarias e cosméticos"
46179008;"BRASTERAPICA INDÚSTRIA FARMACÊUTICA LTDA";SAO PAULO;2025;fora;"Fabricação de produtos farmacêuticos e veterinários"
17106938;"BRAVI INDUSTRIA E COMERCIO DE PRODUTOS ODONTOLOGICOS S.A.";SANTA CATARINA;2025;fora;"Fabricação de perfumarias e cosméticos"
25363079;"BRAZILIAN COSMETICS OUTSOURCING LTDA - EPP";SAO PAULO;2024;fora;"Fabricação de perfumarias e cosméticos"
05976875;"BRAZILIAN SCENTS INDÚSTRIA E COMÉRCIO DE COSMÉTICOS EIRELI - EPP";SAO PAULO;2025;fora;"Fabricação de perfumarias e cosméticos"
37733642;"BRISA ALCOOL INDUSTRIA E COMERCIO LTDA";CEARA;2024;fora;"Fabricação de perfumarias e cosméticos"
11761463;"BRK LABORATORIOS EIRELI";GOIAS;2025;fora;"Fabricação de perfumarias e cosméticos"
06125969;"CAD'S INDUSTRIA DE COSMETICOS LTDA ME";BAHIA;2024;fora;"Fabricação de perfumarias e cosméticos"
68717909;"CALETI INDÚSTRIA, COMÉRCIO, IMPORTAÇÃO E EXPORTAÇÃO LTDA - ME";SAO PAULO;2025;fora;"Fabricação de perfumarias e cosméticos"
15194254;"CAPELLE COSMÉTICOS LTDA - ME";SAO PAULO;2025;fora;"Fabricação de perfumarias e cosméticos"
11473843;"CAPILLARE INDUSTRIA E COMERCIO LTDA - ME";MINAS GERAIS;2023;fora;"Fabricação de perfumarias e cosméticos"
01961898;"CARGILL ALIMENTOS LTDA";GOIAS;2024;fora;"Fabricação de produtos farmacêuticos e veterinários"
72095342;"CARLOS ANESIO DE OLIVEIRA";CEARA;2022;fora;"Fabricação de perfumarias e cosméticos"
20703698;"CARPPUS INDUSTRIA DE COSMETICOS LTDA";MINAS GERAIS;2024;fora;"Fabricação de perfumarias e cosméticos"
01527455;"CARVALHO & CARVALHO LTDA-EPP";AMAPA;2025;fora;"Fabricação de produtos farmacêuticos e veterinários"
33395988;"CARVALHO COSMETICOS INDUSTRIA E COMERCIO LTDA";ESPIRITO SANTO;2023;fora;"Fabricação de perfumarias e cosméticos"
60891371;"CASA ADELINO PRODUTOS ANACONDA LTDA";SAO PAULO;2025;fora;"Fabricação de perfumarias e cosméticos"
00008460;"CASA SIENA FRAGRÂNCIAS LTDA";SAO PAULO;2025;fora;"Fabricação de perfumarias e cosméticos"
05604556;"CASARTESANAL COMERCIAL LTDA. - ME";SAO PAULO;2024;fora;"Fabricação de perfumarias e cosméticos"
44010437;"CAZI QUIMICA FARMACEUTICA INDUSTRIA E COMERCIO LTDA";SAO PAULO;2025;fora;"Fabricação de produtos farmacêuticos e veterinários"
33173097;"CELLERA FARMACEUTICA S.A.";SAO PAULO;2025;fora;"Fabricação de produtos farmacêuticos e veterinários | Fabricação de perfumarias e cosméticos"
00402552;"CENTRO REGIONAL DE CIÊNCIAS NUCLEARES DO NORDESTE";PERNAMBUCO;2024;fora;"Fabricação de produtos farmacêuticos e veterinários"
71846612;"CEPAV PHARMA LTDA";SAO PAULO;2025;fora;"Fabricação de produtos farmacêuticos e veterinários"
02464838;"CEQ ESPECIALIDADES QUIMICAS LTDA";SAO PAULO;2025;fora;"Fabricação de produtos farmacêuticos e veterinários | Fabricação de perfumarias e cosméticos"
03224570;"CEVA SAUDE ANIMAL LTDA";SAO PAULO;2022;fora;"Fabricação de produtos farmacêuticos e veterinários"
01385250;"CEYA INDÚSTRIA DE COSMÉTICOS LTDA";RIO GRANDE DO SUL;2023;fora;"Fabricação de perfumarias e cosméticos"
54274113;"CHANDAL IND. COM. IMP. E EXPORTAÇÃO DE COSMÉTICOS LTDA";SAO PAULO;2022;fora;"Fabricação de perfumarias e cosméticos"
27358722;"CHAT NOIR FRAGRANCES PERFUMARIA FINA LTDA - ME";SAO PAULO;2022;fora;"Fabricação de perfumarias e cosméticos"
04836053;"CHEMVET DO BRASIL LTDA";PARANA;2025;fora;"Fabricação de perfumarias e cosméticos"
61362182;"CHIMICA BARUEL LTDA";SAO PAULO;2025;fora;"Fabricação de perfumarias e cosméticos"
13227874;"CHROMA COSMETICOS LTDA";SAO PAULO;2025;fora;"Fabricação de perfumarias e cosméticos"
14170766;"CHUNNEL INDÚSTRIA E COMÉRCIO LTDA";ESPIRITO SANTO;2022;fora;"Fabricação de perfumarias e cosméticos"
17562075;"CIFARMA CIENTÍFICA FARMACÊUTICA LTDA";GOIAS;2025;fora;"Fabricação de produtos farmacêuticos e veterinários"
00025279;"CLARICE DA SILVA IRACEMÁPOLIS ME";SAO PAULO;2023;fora;"Fabricação de perfumarias e cosméticos"
06167553;"CLI INDÚSTRIA DE COSMÉTICOS LTDA";MINAS GERAIS;2025;fora;"Fabricação de perfumarias e cosméticos"
12420164;"CM HOSPITALAR S.A.";SAO PAULO;2025;fora;"Fabricação de perfumarias e cosméticos"
10862313;"CMR SALVADOR PHARMA LTDA.";BAHIA;2024;fora;"Fabricação de produtos farmacêuticos e veterinários"
05486165;"COLOR WAY INDÚSTRISA E COMÉRCIO LTDA";SAO PAULO;2025;fora;"Fabricação de perfumarias e cosméticos"
44150910;"COMERCIO E INDUSTRIA UNIQUIMICA LTDA";SAO PAULO;2025;fora;"Fabricação de produtos farmacêuticos e veterinários"
06025461;"CONDOR BRASIL INDUSTRIA, COMERCIO E TRANSPORTES DE COSMETICOS LTDA";SAO PAULO;2025;fora;"Fabricação de perfumarias e cosméticos"
46347642;"CONNECT BRAZIL COMERCIO DE COSMETICOS LTDA";SAO PAULO;2024;fora;"Fabricação de perfumarias e cosméticos"
01156613;"COPELI COSMÉTICOS E PERFUMES LTDA EPP";SAO PAULO;2024;fora;"Fabricação de perfumarias e cosméticos"
02546009;"COR BRASIL INDUSTRIA E COMERCIO LTDA EPP";RIO DE JANEIRO;2025;fora;"Fabricação de perfumarias e cosméticos"
33149544;"CORALINA INDÚSTRIA E COMÉRCIO DE COSMÉTICOS LTDA";PARANA;2022;fora;"Fabricação de perfumarias e cosméticos"
04258845;"COSBRASIL INDUSTRIA E COMERCIO DE COSMETICOS LTDA ME";SAO PAULO;2023;fora;"Fabricação de perfumarias e cosméticos"
85080836;"COSINTER INTERNACIONAL INDÚSTRIA E COMÉRCIO DE COSMÉTICOS LTDA";PARANA;2025;fora;"Fabricação de perfumarias e cosméticos"
61082426;"COSMED INDUSTRIA DE COSMETICOS E MEDICAMENTOS S.A";SAO PAULO;2025;fora;"Fabricação de perfumarias e cosméticos | Fabricação de produtos farmacêuticos e veterinários"
36075547;"COSMÉTICA INDUSTRIAL BRENNER LTDA";RIO DE JANEIRO;2022;fora;"Fabricação de perfumarias e cosméticos"
33039048;"COSMETICI INDUSTRIA E COMERCIO DE COSMETICOS EIRELI";PARANA;2024;fora;"Fabricação de perfumarias e cosméticos"
53203253;"COSMETICOS BIO-PHITO TERAPICOS LTDA";SAO PAULO;2023;fora;"Fabricação de perfumarias e cosméticos"
09354422;"COSMETICOS DO BRASIL INDUSTRIA COMERCIO E DISTRIBUIDORA LTDA";GOIAS;2025;fora;"Fabricação de perfumarias e cosméticos"
17287046;"COSMÉTICOS VIEIRA LTDA";MINAS GERAIS;2025;fora;"Fabricação de perfumarias e cosméticos"
24769185;"COSMO INDÚSTRIA E COMÉRCIO DE COSMÉTICOS LTDA.";SAO PAULO;2025;fora;"Fabricação de perfumarias e cosméticos"
07906631;"COSTA OESTE PRODUTOS DE HIGIENE PESSOAL LTDA";PARANA;2024;fora;"Fabricação de perfumarias e cosméticos"
18676762;"CPM CONCESSIONARIA PAULISTA DE MEDICAMENTOS S/A";SAO PAULO;2022;fora;"Fabricação de produtos farmacêuticos e veterinários"
07977084;"CPP INDUSTRIA E COMERCIO DE COSMETICOS LTDA";SAO PAULO;2023;fora;"Fabricação de perfumarias e cosméticos"
07284537;"CRHON DO BRASIL COSMÉTICOS IMPORTAÇÃO E EXPORTAÇÃO LTDA";MINAS GERAIS;2025;fora;"Fabricação de perfumarias e cosméticos"
16921874;"CRISTAIS DE OZ IMPORTAÇÃO E EXPORTAÇÃO DE COSMÉTICOS NATURAIS LTDA. - ME";SAO PAULO;2025;fora;"Fabricação de perfumarias e cosméticos"
44734671;"CRISTALIA PRODUTOS QUIMICOS FARMACEUTICOS LTDA";SAO PAULO;2025;fora;"Fabricação de produtos farmacêuticos e veterinários"
66620691;"CROL CIÊNCIA COSMÉTICAS LTDA - ME";SAO PAULO;2022;fora;"Fabricação de perfumarias e cosméticos"
09225881;"CYCLOPET RADIOFÁRMACOS LTDA";PARANA;2024;fora;"Fabricação de produtos farmacêuticos e veterinários"
03962890;"D´MARCHE INDUSTRIA DE COSMÉTICOS LTDA.";RIO GRANDE DO SUL;2025;fora;"Fabricação de perfumarias e cosméticos"
82914334;"DAHUER LABORATÓRIO LTDA";SANTA CATARINA;2024;fora;"Fabricação de perfumarias e cosméticos"
60874187;"DAIICHI SANKYO BRASIL FARMACÊUTICA LTDA";SAO PAULO;2024;fora;"Fabricação de produtos farmacêuticos e veterinários"
03094191;"DALIE CHEMISTRY INDUSTRIA DE COSMETICOS LTDA-ME.";SAO PAULO;2025;fora;"Fabricação de perfumarias e cosméticos"
12579559;"DANA INDUSTRIAL SOLUCOES EM COSMETICOS S.A.";SAO PAULO;2025;fora;"Fabricação de perfumarias e cosméticos"
43287807;"DANIEL CALDEIRA LTDA";SAO PAULO;2024;fora;"Fabricação de perfumarias e cosméticos"
17788186;"DANIELE FERNANDES DA SILVA EPP";SAO PAULO;2024;fora;"Fabricação de perfumarias e cosméticos"
09321224;"DANY MARQUES DE SOUZA EIRELI EPP";RIO GRANDE DO SUL;2024;fora;"Fabricação de perfumarias e cosméticos"
08104773;"DARTH INDUSTRIA DE COSMETICOS LTDA EPP";SAO PAULO;2025;fora;"Fabricação de perfumarias e cosméticos"
09008863;"DASEURI IND. COM. E EXP. LTDA.";PERNAMBUCO;2024;fora;"Fabricação de perfumarias e cosméticos"
04568560;"DAVISO INDUSTRIA E COMERCIO DE PRODUTOS HIGIENICOS S.A.";SAO PAULO;2022;fora;"Fabricação de perfumarias e cosméticos"
07503492;"DBE NATURAL DO BRASIL INDÚSTRIA COMÉRCIO IMPORTAÇÃO E EXPORTAÇÃO LTDA.";PARANA;2024;fora;"Fabricação de perfumarias e cosméticos"
08267165;"DDP INDUSTRIA E COMERCIO LTDA";SAO PAULO;2024;fora;"Fabricação de perfumarias e cosméticos"
02859331;"DE SIRIUS COSMETICOS LTDA";RIO GRANDE DO SUL;2024;fora;"Fabricação de perfumarias e cosméticos"
18202368;"DECEMEL INDUSTRIA E COMERCIO DE GENEROS ALIMENTICIOS LTDA - ME";SANTA CATARINA;2024;fora;"Fabricação de perfumarias e cosméticos"
03915114;"DEGRADEE INDÚSTRIA E COMÉRCIO DE COSMÉTICOS LTDA-EPP";SAO PAULO;2025;fora;"Fabricação de perfumarias e cosméticos"
01567613;"DELLY KOSMETIC COMERCIO E INDUSTRIA LTDA";RIO DE JANEIRO;2025;fora;"Fabricação de perfumarias e cosméticos"
11530130;"DEMAZON COSMÉTICOS DA AMAZÔNIA LTDA";GOIAS;2025;fora;"Fabricação de perfumarias e cosméticos"
08599245;"DEP INDUSTRIA E COMERCIO DE COSMETICOS LTDA";SAO PAULO;2025;fora;"Fabricação de perfumarias e cosméticos"
01094693;"DERM'ATTIVE INDUSTRIA E COMÉRCIO LTDA";MINAS GERAIS;2025;fora;"Fabricação de perfumarias e cosméticos"
62713037;"DERMABEL INDUSTRIA E COMERCIO DE PRODUTOS COSMETICOS LTDA.";SAO PAULO;2024;fora;"Fabricação de perfumarias e cosméticos"
10482965;"DERMACAP INDÚSTRIA E COMÉRCIO DE COSMÉTICOS EIRELI";GOIAS;2025;fora;"Fabricação de perfumarias e cosméticos"
85314029;"DERMAVITA INDUSTRIA E COMERCIO DE PRODUTOS FARMACEUTICOS EIRELI EPP";SANTA CATARINA;2025;fora;"Fabricação de perfumarias e cosméticos | Fabricação de produtos farmacêuticos e veterinários"
05911697;"DERMELYNE INDÚSTRIA DE COSMÉTICOS LTDA EPP";PARANA;2025;fora;"Fabricação de perfumarias e cosméticos"
80323710;"DERMOSENSE COSMETICOS LTDA";SAO PAULO;2025;fora;"Fabricação de perfumarias e cosméticos"
52468279;"DES-FAR LABORATÓRIOS LTDA";SAO PAULO;2025;fora;"Fabricação de produtos farmacêuticos e veterinários"
22971658;"DETECHTA BIOTECNOLOGIA";MINAS GERAIS;2024;fora;"Fabricação de produtos farmacêuticos e veterinários"
01773518;"DEVINTEX COSMETICOS LTDA ME";SAO PAULO;2025;fora;"Fabricação de perfumarias e cosméticos"
06218670;"DI FIORENA INDUSTRIA COSMETICA LTDA";SAO PAULO;2025;fora;"Fabricação de perfumarias e cosméticos"
01376008;"DI HELLEN INDUSTRIA DE COSMETICOS - EIRELI";RIO GRANDE DO SUL;2025;fora;"Fabricação de perfumarias e cosméticos"
11462456;"DIAGNÓSTICA INDÚSTRIA E COMÉRCIO LTDA";MINAS GERAIS;2025;fora;"Fabricação de produtos farmacêuticos e veterinários"
57848511;"DIBELLE INDUSTRIA E COMERCIO DE COSMETICOS LTDA";SAO PAULO;2025;fora;"Fabricação de perfumarias e cosméticos"
03656197;"DICAS INDUSTRIA E COMERCIO DE COSMETICOS LTDA";PARANA;2024;fora;"Fabricação de perfumarias e cosméticos"
42457796;"DIFFUCAP CHEMOBRAS QUIMICA E FARMACEUTICA LTDA";RIO DE JANEIRO;2024;fora;"Fabricação de produtos farmacêuticos e veterinários"
05776105;"DIMARI INDUSTRIA COMERCIO EXPORTAÇÃO E IMPORTAÇÃO LTDA";BAHIA;2024;fora;"Fabricação de perfumarias e cosméticos"
11731530;"DINAMICA PRODUTOS VETERINARIOS LTDA";SAO PAULO;2025;fora;"Fabricação de perfumarias e cosméticos | Fabricação de produtos farmacêuticos e veterinários"
07624861;"DJ COMERCIO E INDUSTRIA DE COSMETICOS LTDA";CEARA;2022;fora;"Fabricação de perfumarias e cosméticos"
14619989;"DJUH INDUSTRIA E COMERCIO DE COSMETICOS LTDA";SAO PAULO;2025;fora;"Fabricação de perfumarias e cosméticos"
65013120;"DME INDUSTRIA E COMERCIO DE PRODUTOS PARA DIAGNOSTICOS LTDA.";SAO PAULO;2023;fora;"Fabricação de produtos farmacêuticos e veterinários"
44840751;"DNA FORMULAS INDUSTRIA DE COSMETICOS LTDA";ESPIRITO SANTO;2023;fora;"Fabricação de perfumarias e cosméticos"
07187087;"DOCTOR HAIR INDUSTRIA DE COSMETICOS LTDA";SAO PAULO;2025;fora;"Fabricação de perfumarias e cosméticos"
05090043;"DROXTER INDUSTRIA, COMERCIO E PARTIPAÇÕES LTDA";SAO PAULO;2025;fora;"Fabricação de produtos farmacêuticos e veterinários | Fabricação de perfumarias e cosméticos"
24473214;"DUDAMAR INDÚSTRIA E COMÉRCIO DE COSMÉTICOS IMPORTAÇÃO E EXPORTAÇÃO LTDA - EPP";SAO PAULO;2025;fora;"Fabricação de perfumarias e cosméticos"
05017517;"DUETTO SUPER INDUSTRIA E COMERCIO DE COSMETICOS LTDA - EPP";SAO PAULO;2025;fora;"Fabricação de perfumarias e cosméticos"
17299140;"EASELABS LABORATORIO FARMACEUTICO LTDA";MINAS GERAIS;2024;fora;"Fabricação de produtos farmacêuticos e veterinários"
12074073;"ECCO CHEMICAL INDUSTRIA E COMERCIO DE COSMETICOS LTDA - ME";SAO PAULO;2025;fora;"Fabricação de perfumarias e cosméticos"
09213892;"ECS INDUSTRIA IMPORTAÇÃO E EXPORTAÇÃO DE COSMETICOS LTDA";BAHIA;2025;fora;"Fabricação de perfumarias e cosméticos"
26071939;"EKILIBRE AMAZONIA LTDA";PARA;2022;fora;"Fabricação de perfumarias e cosméticos"
28306334;"ELCOS INDUSTRIA E COMERCIO DE PRODUTOS COSMÉTICOS LTDA";SAO PAULO;2023;fora;"Fabricação de perfumarias e cosméticos"
33088530;"ELEGANCE INDÚSTRIA E COMÉRCIO DE COSMÉTICOS LTDA";SAO PAULO;2024;fora;"Fabricação de perfumarias e cosméticos"
22043780;"ELZA INDÚSTRIA E COM. DE COSMÉTICOS LTDA";MINAS GERAIS;2025;fora;"Fabricação de perfumarias e cosméticos"
05444482;"EMBATEK TECNOLOGIA EM COSMETICOS LTDA";SAO PAULO;2024;fora;"Fabricação de perfumarias e cosméticos"
59120261;"EMBRASVET EMPRESA BRASILEIRA VETERINARIA LTDA";SAO PAULO;2024;fora;"Fabricação de produtos farmacêuticos e veterinários"
07307698;"EMCS INDUSTRIA LTDA";ESPIRITO SANTO;2025;fora;"Fabricação de perfumarias e cosméticos"
71462121;"EMDIMNAL EMPRESA DE DISTRIBUICAO MERCANTIL LTDA";MINAS GERAIS;2025;fora;"Fabricação de perfumarias e cosméticos"
25199338;"EMDRAX - INDÚSTRIA DE COSMÉTICOS E EMBALAGENS LTDA";SAO PAULO;2024;fora;"Fabricação de perfumarias e cosméticos"
43824978;"EMILE COSMETICOS BIOLOGICOS E PRODUTOS PARA SAUDE EIRELI";SAO PAULO;2023;fora;"Fabricação de perfumarias e cosméticos"
07607851;"EMPRESA BRAS. DE HEMODERIVADOS E BIOTECNOLOGIA";PERNAMBUCO;2024;fora;"Fabricação de produtos farmacêuticos e veterinários"
00923140;"EMS SIGMA PHARMA LTDA.";SAO PAULO;2024;fora;"Fabricação de produtos farmacêuticos e veterinários"
17670301;"EORA BRASIL LTDA";PARANA;2024;fora;"Fabricação de perfumarias e cosméticos"
01784792;"EQUIPLEX INDUSTRIA FARMACEUTICA LTDA";GOIAS;2025;fora;"Fabricação de produtos farmacêuticos e veterinários"
72899016;"ESSITY DO BRASIL INDUSTRIA E COMERCIO LTDA";SAO PAULO;2025;fora;"Fabricação de perfumarias e cosméticos"
02147793;"ESTACAO Y INDUSTRIA E COMERCIO DE COSMETICOS LTDA";SAO PAULO;2024;fora;"Fabricação de perfumarias e cosméticos"
52662657;"ESTORIL IND E COM DE PROD DO TOUCADOR LTDA";SAO PAULO;2025;fora;"Fabricação de perfumarias e cosméticos"
37644367;"EVOLUTIONS QUÍMICA EIRELI";SAO PAULO;2023;fora;"Fabricação de perfumarias e cosméticos"
11442133;"EVOOC BRASIL INDUSTRIA E COMERCIO DE COSMETICOS LTDA";SAO PAULO;2022;fora;"Fabricação de perfumarias e cosméticos"
42582138;"EVOPHARMA LTDA";MINAS GERAIS;2025;fora;"Fabricação de produtos farmacêuticos e veterinários"
05035395;"EVORA INDUSTRIA E COMERCIO - EIRELI";SAO PAULO;2025;fora;"Fabricação de perfumarias e cosméticos"
02393589;"EXAT BEL INDUSTRIA E COMERCIO DE COSMETICOS LTDA -EPP";SAO PAULO;2024;fora;"Fabricação de perfumarias e cosméticos"
02921959;"EXCEED COSMETICOS LTDA";SAO PAULO;2025;fora;"Fabricação de perfumarias e cosméticos"
71666838;"EXITO NATURAVENE COMERCIAL DE COSMÉTICOS E PRODUTOS NATURAIS LTDA EPP";SAO PAULO;2025;fora;"Fabricação de perfumarias e cosméticos"
61507661;"EXPANSAO CIENTIFICA LTDA";SAO PAULO;2023;fora;"Fabricação de produtos farmacêuticos e veterinários"
15741848;"FABIANI SAUDE ANIMAL LTDA";SAO PAULO;2023;fora;"Fabricação de produtos farmacêuticos e veterinários"
54493318;"FARAYA INDUSTRIA FAMARCEUTICA LTDA";MINAS GERAIS;2025;fora;"Fabricação de produtos farmacêuticos e veterinários"
73174377;"FARMABASE SAÚDE ANIMAL LTDA";SAO PAULO;2024;fora;"Fabricação de produtos farmacêuticos e veterinários"
03386228;"FARMACAMPO SAÚDE ANIMAL LTDA";SAO PAULO;2024;fora;"Fabricação de produtos farmacêuticos e veterinários"
06628333;"FARMACE INDÚSTRIA QUÍMICO FARMACÊUTICA CEARENSE LTDA";CEARA;2025;fora;"Fabricação de produtos farmacêuticos e veterinários"
03060101;"FARMACIA DE MANIPULAÇÃO FLOR DE JUA LTDA";CEARA;2024;fora;"Fabricação de produtos farmacêuticos e veterinários"
21568403;"FARMACIA DE MANIPULACAO MEDERLIFE LTDA - ME";MINAS GERAIS;2022;fora;"Fabricação de produtos farmacêuticos e veterinários"
00569952;"FARMACIA MAGISTRAL CIENCIA E ARTE LTDA - EPP";MINAS GERAIS;2025;fora;"Fabricação de produtos farmacêuticos e veterinários"
32488686;"FARMÁCIA MOULIN LTDA - EPP";ESPIRITO SANTO;2024;fora;"Fabricação de produtos farmacêuticos e veterinários | Fabricação de perfumarias e cosméticos"
40177263;"FARMATIVA INDÚSTRIA E COMÉRCIO LTDA";RIO DE JANEIRO;2024;fora;"Fabricação de perfumarias e cosméticos"
41913600;"FARMAUSA LIFE SCIENCE LTDA";SAO PAULO;2025;fora;"Fabricação de produtos farmacêuticos e veterinários"
21759758;"FARMAX S.A.";MINAS GERAIS;2025;fora;"Fabricação de perfumarias e cosméticos | Fabricação de produtos farmacêuticos e veterinários"
33349473;"FARMOQUIMICA S.A.";RIO DE JANEIRO;2025;fora;"Fabricação de produtos farmacêuticos e veterinários"
33588530;"FAST FORMULA BRAZIL COSMETICS - FABRICACAO DE COSMETICOS - EIRELI";SAO PAULO;2022;fora;"Fabricação de perfumarias e cosméticos"
21143173;"FATIM INDUSTRIA E COMÉRCIO DE COSMÉTICOS LTDA - ME";SAO PAULO;2023;fora;"Fabricação de perfumarias e cosméticos"
31875275;"FDB INDÚSTRIA E COMÉRCIO DE COSMÉTICOS EIRELI";SAO PAULO;2024;fora;"Fabricação de perfumarias e cosméticos"
06244957;"FEITO BRASIL INDUSTRIA DE PRODUTOS ARTESANAIS LTDA";PARANA;2024;fora;"Fabricação de perfumarias e cosméticos"
28151079;"FEMME BELA COSMETICOS EIRELI ME";MINAS GERAIS;2024;fora;"Fabricação de perfumarias e cosméticos"
53047066;"FGM HOME CARE LTDA";SANTA CATARINA;2024;fora;"Fabricação de produtos farmacêuticos e veterinários"
50662246;"FIABILA BRASIL INDÚSTRIA DE COSMÉTICOS LTDA";SAO PAULO;2025;fora;"Fabricação de perfumarias e cosméticos"
11397604;"FIBRA INDUSTRIA E COMERCIO LTDA EPP";SAO PAULO;2025;fora;"Fabricação de perfumarias e cosméticos"
15794125;"FIBRAVITE INDÚSTRIA DE COSMÉTICOS LTDA";CEARA;2025;fora;"Fabricação de perfumarias e cosméticos"
00519700;"FIORK IND E COM DE PRODUTOS PARA HOTEL E MOTEL EIRELI";SAO PAULO;2023;fora;"Fabricação de perfumarias e cosméticos"
05300475;"FIRETTI & FIRETTI IMPORTACAO E EXPORTACAO LTDA";SAO PAULO;2024;fora;"Fabricação de perfumarias e cosméticos"
02825660;"FISIO LINE COSMETICOS INDUSTRIA E COMERCIO LTDA";SAO PAULO;2022;fora;"Fabricação de perfumarias e cosméticos"
46394094;"FLAGIAN IMPORTAÇÃO E EXPORTAÇÃO LTDA";SAO PAULO;2025;fora;"Fabricação de perfumarias e cosméticos"
02003095;"FLEXICOTTON IND. E COM. DE PRODUTOS DE HIGIENE PESSOAL SA";SANTA CATARINA;2022;fora;"Fabricação de perfumarias e cosméticos"
27976053;"FLORALPHARMA LTDA";RIO GRANDE DO SUL;2025;fora;"Fabricação de perfumarias e cosméticos"
10805526;"FLORARCE INDÚSTRIA E COMÉRCIO DE COSMÉTICOS LTDA";MINAS GERAIS;2025;fora;"Fabricação de perfumarias e cosméticos"
04518680;"FLORESÇA IND E COM DE COSMETICOS LTDA";GOIAS;2024;fora;"Fabricação de perfumarias e cosméticos"
05324692;"FORMULAR FARMACIA DE MANIPULAÇÃO LTDA-ME";MINAS GERAIS;2024;fora;"Fabricação de produtos farmacêuticos e veterinários"
00950859;"FORT DODGE MANUFATURA LTDA.";SAO PAULO;2023;fora;"Fabricação de produtos farmacêuticos e veterinários"
16001349;"FORTILIFE INDUSTRIA LTDA";GOIAS;2024;fora;"Fabricação de produtos farmacêuticos e veterinários | Fabricação de perfumarias e cosméticos"
39897370;"FORTY FOUR LIZ LTDA";SAO PAULO;2024;fora;"Fabricação de perfumarias e cosméticos"
41967277;"FOURVET SAUDE ANIMAL LTDA";SAO PAULO;2022;fora;"Fabricação de produtos farmacêuticos e veterinários"
73795791;"FRAGRAM FRAGRÂNCIAS E PERFUMES DE GRAMADO LTDA";RIO GRANDE DO SUL;2025;fora;"Fabricação de perfumarias e cosméticos"
07240373;"FRATELLI INDUSTRI E COMERCIO DE COSMETICOS EIRELI";GOIAS;2025;fora;"Fabricação de perfumarias e cosméticos"
49601107;"FRESENIUS HEMOCARE BRASIL LTDA.";SAO PAULO;2025;fora;"Fabricação de produtos farmacêuticos e veterinários"
49324221;"FRESENIUS KABI BRASIL LTDA";CEARA;2024;fora;"Fabricação de produtos farmacêuticos e veterinários"
01440590;"FRESENIUS MEDICAL CARE LTDA.";SAO PAULO;2024;fora;"Fabricação de produtos farmacêuticos e veterinários"
04973351;"FROSINI INDÚSTRIA E COMÉRCIO DE COSMÉTICOS EIRELI - ME";SAO PAULO;2024;fora;"Fabricação de perfumarias e cosméticos"
47220903;"FSE/XPORT COSMETICS";SAO PAULO;2025;fora;"Fabricação de perfumarias e cosméticos"
17503475;"FUNDAÇÃO EZEQUIEL DIAS";MINAS GERAIS;2024;fora;"Fabricação de produtos farmacêuticos e veterinários"
01440831;"FUTURAMA INDÚSTRIA E COMÉRCIO LTDA";PARA;2024;fora;"Fabricação de perfumarias e cosméticos"
02971449;"G & R COSMETICOS LTDA ME";SANTA CATARINA;2025;fora;"Fabricação de perfumarias e cosméticos"
35371351;"G. H. COSMETICOS INDUSTRIA E COMERCIO LTDA";SAO PAULO;2024;fora;"Fabricação de perfumarias e cosméticos"
31015802;"GABRIELA DE OLIVEIRA CORREA COSMETICOS LTDA";SAO PAULO;2023;fora;"Fabricação de perfumarias e cosméticos"
34959382;"GABRIELLI C. DE OLIVEIRA S.F. MORATA LTDA";CEARA;2025;fora;"Fabricação de perfumarias e cosméticos"
41592907;"GAMBOA INDUSTRIA DE COSMETICOS LTDA";SAO PAULO;2025;fora;"Fabricação de perfumarias e cosméticos"
56374416;"GARBIN INDUSTRIA E COMERCIO DE COSMETICOS LTDA";SAO PAULO;2023;fora;"Fabricação de perfumarias e cosméticos"
05244586;"GARDEN INDÚSTRIA E COMÉRCIO DE COSMÉTICOS LTDA";SAO PAULO;2025;fora;"Fabricação de perfumarias e cosméticos"
60641396;"GASPAROTTO LABATE E CIA LTDA";SAO PAULO;2025;fora;"Fabricação de perfumarias e cosméticos"
10690195;"GEMINI INDÚSTRIA DE INSUMOS FARMACÊUTICOS LTDA";GOIAS;2025;fora;"Fabricação de produtos farmacêuticos e veterinários"
11226730;"GENESIS COMERCIO DE COSMETICOS LTDA";SAO PAULO;2025;fora;"Fabricação de perfumarias e cosméticos"
04741749;"GENIAL QUIMICA VETERINARIA LTDA";SAO PAULO;2025;fora;"Fabricação de perfumarias e cosméticos"
03485572;"GEOLAB INDUSTRIA FARMACÊUTICA S/A";GOIAS;2025;fora;"Fabricação de produtos farmacêuticos e veterinários"
45992062;"GERMED FARMACEUTICA LTDA";SAO PAULO;2024;fora;"Fabricação de produtos farmacêuticos e veterinários | Fabricação de perfumarias e cosméticos"
92670801;"GEYER MEDICAMENTOS SA";RIO GRANDE DO SUL;2025;fora;"Fabricação de produtos farmacêuticos e veterinários"
05552477;"GHF INDUSTRIA E COMERCIO DE COSMETICOS LTDA";PERNAMBUCO;2022;fora;"Fabricação de perfumarias e cosméticos"
07293454;"GIGA COSMETICA LTDA - EPP";SAO PAULO;2023;fora;"Fabricação de perfumarias e cosméticos"
58619263;"GIUDIT COSMETICOS LTDA";SAO PAULO;2025;fora;"Fabricação de perfumarias e cosméticos"
60431707;"GIULIANO MACEDO INDÚSTRIA E COMÉRCIO LTDA";SAO PAULO;2024;fora;"Fabricação de perfumarias e cosméticos"
45699418;"GKL FARMAVIVA LTDA";CEARA;2024;fora;"Fabricação de produtos farmacêuticos e veterinários"
31664094;"GLOBALPRO COSMETICOS - EIRELI";SAO PAULO;2025;fora;"Fabricação de perfumarias e cosméticos"
03994975;"GRAM INDUSTRIA E COMERCIO LTDA";MINAS GERAIS;2024;fora;"Fabricação de perfumarias e cosméticos"
25958628;"GRAZIE PRODUTOS DE BELEZA LTDA";SAO PAULO;2025;fora;"Fabricação de perfumarias e cosméticos"
09070588;"GREENIX-IND. E COM. TERCEIRIZAÇÃO DE PRODUTOS COSMÉTICOS LTDA";SAO PAULO;2024;fora;"Fabricação de perfumarias e cosméticos"
44607180;"GREENLAB INDUSTRIA DE COSMÉTICOS LTDA";SAO PAULO;2025;fora;"Fabricação de perfumarias e cosméticos"
30153811;"GUERBET IMAGEM DO BRASIL LTDA";RIO DE JANEIRO;2025;fora;"Fabricação de produtos farmacêuticos e veterinários"
42180406;"GUERBET PRODUTOS RADIOLOGICOS LTDA";RIO DE JANEIRO;2025;fora;"Fabricação de produtos farmacêuticos e veterinários"
03996187;"GUIRRE INDUSTRIA E COMERCIO DE COSMETICOS LTDA";GOIAS;2025;fora;"Fabricação de perfumarias e cosméticos"
07967729;"HADASSAH COSMETICOS LTDA";GOIAS;2025;fora;"Fabricação de perfumarias e cosméticos"
11030382;"HÁGIL TERAPÊUTICA LTDA";MINAS GERAIS;2024;fora;"Fabricação de produtos farmacêuticos e veterinários"
24402330;"HAIR VIP BRASIL COSMÉTICOS LTDA";SAO PAULO;2024;fora;"Fabricação de perfumarias e cosméticos"
43852993;"HAIRTRIX GROUP INDÚSTRIA COSMÉTICA LTDA.";SAO PAULO;2023;fora;"Fabricação de perfumarias e cosméticos"
28738254;"HDF INDUSTRIA E COMERCIO DE COSMETICOS LTDA";SAO PAULO;2024;fora;"Fabricação de perfumarias e cosméticos"
04506487;"HELIANTO FARMACEUTICA LTDA EPP";SAO PAULO;2024;fora;"Fabricação de produtos farmacêuticos e veterinários"
04244884;"HEMIFARMA LTDA";MINAS GERAIS;2024;fora;"Fabricação de produtos farmacêuticos e veterinários"
78950011;"HERBARIUM LABORATORIO BOTANICO LTDA";PARANA;2025;fora;"Fabricação de produtos farmacêuticos e veterinários"
39044144;"HERBOFARMA LABORATÓRIO E COMÉRCIO DE COSMETICOS E PRODUTOS NATURAIS LTDA - EPP";SAO PAULO;2025;fora;"Fabricação de perfumarias e cosméticos"
06195970;"HF INDUSTRIA E COMERCIO DE COSMETICOS LTDA";SANTA CATARINA;2025;fora;"Fabricação de perfumarias e cosméticos"
03654997;"HIBISCUS PHYTOCOSMETICOS LTDA";SAO PAULO;2024;fora;"Fabricação de perfumarias e cosméticos"
21498932;"HIBRIDA INDUSTRIA E COMERCIO LTDA";ESPIRITO SANTO;2024;fora;"Fabricação de perfumarias e cosméticos"
25321215;"HIGIMARCAS DO BRASIL IND E COM DE PROD DE HIGIENE";RIO DE JANEIRO;2025;fora;"Fabricação de perfumarias e cosméticos"
19570720;"HIPOLABOR FARMACÊUTICA LTDA.";MINAS GERAIS;2025;fora;"Fabricação de produtos farmacêuticos e veterinários"
49383250;"HISAMITSU FARMACEUTICA DO BRASIL LTDA.";AMAZONAS;2024;fora;"Fabricação de produtos farmacêuticos e veterinários"
23943280;"HNV INDUSTRIA E COMERCIO DE COSMETICOS LTDA";CEARA;2022;fora;"Fabricação de perfumarias e cosméticos"
16754226;"HYGIELINE INDÚSTRIA E COMERCIO LTDA";PARANA;2025;fora;"Fabricação de perfumarias e cosméticos"
73048845;"IBASA DO BRASIL INDÚSTRIA E COMÉRCIO LTDA - EPP";SAO PAULO;2025;fora;"Fabricação de perfumarias e cosméticos"
14864868;"IBF - INDUSTRIA BRASILEIRA DE FARMOQUIMICOS S.A.";SAO PAULO;2024;fora;"Fabricação de produtos farmacêuticos e veterinários"
00376959;"IFAL IND E COM DE PRODUTOS FARMACEUTICOS LTDA";RIO GRANDE DO SUL;2024;fora;"Fabricação de produtos farmacêuticos e veterinários | Fabricação de perfumarias e cosméticos"
23258406;"IMPERATRIZ INDUSTRIA E COMERCIO ATACADISTA DE COSMETICOS LTDA ME";GOIAS;2025;fora;"Fabricação de perfumarias e cosméticos"
05870841;"IMUNODOT DESENV. IND. E COM. DE IMUNOGENOS E PROD. DE DIAGNÓSTICOS VETERINÁRIOS LTDA - ME";SAO PAULO;2024;fora;"Fabricação de produtos farmacêuticos e veterinários"
11129083;"IND E COM DE COSMETICOS OLIVEIRA E CAVALCANTE LTDA";CEARA;2025;fora;"Fabricação de perfumarias e cosméticos"
18365734;"INDUBRAS INDUSTRIA VETERINARIA S/A";MINAS GERAIS;2025;fora;"Fabricação de produtos farmacêuticos e veterinários"
08882203;"INDÚSTRIA COM. IMP. E EXP. DE COSMÉTICOS BRAZIL BOTHANICO LTDA - ME";SAO PAULO;2022;fora;"Fabricação de perfumarias e cosméticos"
04932465;"INDUSTRIA DE COSMETICOS ADELIA MENDONÇA LTDA";MINAS GERAIS;2025;fora;"Fabricação de perfumarias e cosméticos"
07337846;"INDÚSTRIA DE COSMÉTICOS EFFE`S LTDA";RIO GRANDE DO SUL;2025;fora;"Fabricação de perfumarias e cosméticos"
08055634;"INDUSTRIA DE MEDICAMENTOS CUSTÓDIA LTDA";PERNAMBUCO;2025;fora;"Fabricação de produtos farmacêuticos e veterinários"
13593210;"INDUSTRIA E COM DE COSMETICOS NOSSA FLORA LTDA-ME";CEARA;2022;fora;"Fabricação de perfumarias e cosméticos"
00027304;"INDÚSTRIA E COMÉRCIO DE COSMÉTICOS FLORES E VEGETAIS LTDA";SAO PAULO;2025;fora;"Fabricação de perfumarias e cosméticos"
61647921;"INDÚSTRIA E COMÉRCIO DE PRODUTOS DE BELEZA YAMÁ";SAO PAULO;2025;fora;"Fabricação de perfumarias e cosméticos"
06156669;"INDÚSTRIA E COMÉRCIO DE PRODUTOS PARA PESQUISA ANIMAL E HUMANA SIMOES SALIBA LTDA-ME";MINAS GERAIS;2025;fora;"Fabricação de produtos farmacêuticos e veterinários"
42502345;"INDUSTRIA FARMACEUTICA IFA LTDA";MATO GROSSO DO SUL;2025;fora;"Fabricação de produtos farmacêuticos e veterinários"
03886705;"INDUSTRIAS RAYMOUNDS LTDA";SAO PAULO;2024;fora;"Fabricação de perfumarias e cosméticos"
22928789;"INFINITY INDÚSTRIA DE COSMÉTICOS IMPORTAÇÃO E EXPORTAÇÃO EIRELI-ME";SAO PAULO;2024;fora;"Fabricação de perfumarias e cosméticos"
28688214;"INNOVADERM COSMETICOS LTDA";ESPIRITO SANTO;2024;fora;"Fabricação de perfumarias e cosméticos"
18116420;"INNOVATION QUIMICA INDUSTRIA E COMERCIO EIRELI";SAO PAULO;2022;fora;"Fabricação de perfumarias e cosméticos"
16911189;"INOVAO COSMETICOS LTDA";SAO PAULO;2025;fora;"Fabricação de perfumarias e cosméticos"
27864378;"INOVAT INDUSTRIA FARMACEUTICA LTDA.";SAO PAULO;2023;fora;"Fabricação de produtos farmacêuticos e veterinários"
62488184;"INPHARMA LABORATORIOS LTDA";SAO PAULO;2022;fora;"Fabricação de produtos farmacêuticos e veterinários"
61821344;"INSTITUTO BUTANTAN";SAO PAULO;2025;fora;"Fabricação de produtos farmacêuticos e veterinários"
10777548;"INSTITUTO FARMACÊUTICO PERFECT LTDA";PERNAMBUCO;2025;fora;"Fabricação de perfumarias e cosméticos"
51125349;"INSTITUTO RENOVATEC BEAUTY LTDA";SAO PAULO;2023;fora;"Fabricação de perfumarias e cosméticos"
30064034;"INSTITUTO VITAL BRAZIL S.A.(CENTRO DE PESQUISA, PRODUTOS QUÍMICOS E BIOLÓGICOS)";RIO DE JANEIRO;2025;fora;"Fabricação de produtos farmacêuticos e veterinários"
15197099;"INTERCOS DO BRASIL INDUSTRIA E COMERCIO DE PRODUTOS COSMETICOS LTDA";SAO PAULO;2025;fora;"Fabricação de perfumarias e cosméticos"
03149136;"IPC - INDUSTRIA PARANAENSE DE COSMETICOS LTDA";PARANA;2025;fora;"Fabricação de perfumarias e cosméticos"
12050693;"J K COMERCIO E FABRICACAO DE COSMETICOS LTDA";RIO DE JANEIRO;2025;fora;"Fabricação de perfumarias e cosméticos"
09491586;"J. FERREIRA DE OLIVEIRA FILHO ME";ALAGOAS;2023;fora;"Fabricação de perfumarias e cosméticos"
08223715;"J.J FILHOS INDUSTRIA DE COSMETICOS LTDA ME";ESPIRITO SANTO;2022;fora;"Fabricação de perfumarias e cosméticos"
08046814;"J.L INDUSTRIA DE COSMETICOS LTDA";MINAS GERAIS;2025;fora;"Fabricação de perfumarias e cosméticos"
03749465;"JA SAÚDE ANIMAL S.A.";SAO PAULO;2025;fora;"Fabricação de produtos farmacêuticos e veterinários"
00785482;"JADE IMPORTACAO E EXPORTACAO DE MANUFATURADOS LTDA";PARANA;2025;fora;"Fabricação de perfumarias e cosméticos"
06210247;"JCS INDÚSTRIA, COMÉRCIO, IMPORTAÇÃO E EXPORTAÇÃO DE COSMÉTICOS EIRELI";SAO PAULO;2025;fora;"Fabricação de perfumarias e cosméticos"
03558722;"JEAN CARLO IND E COM DE COSMETICOS LTDA EPP";SAO PAULO;2025;fora;"Fabricação de perfumarias e cosméticos"
33001450;"JEFERSON SIMOES RAUPP";RIO GRANDE DO SUL;2024;fora;"Fabricação de perfumarias e cosméticos"
10731399;"JG DA SILVA FILHO LTDA";GOIAS;2024;fora;"Fabricação de perfumarias e cosméticos"
07291289;"JIMELI INDUSTRIA E COMERCIO DE COSMETICOS LTDA";CEARA;2024;fora;"Fabricação de perfumarias e cosméticos"
09628208;"JOÃO HENRIQUE SILVA BESSA E CIA";MINAS GERAIS;2024;fora;"Fabricação de perfumarias e cosméticos"
02297735;"JOEL LUIS VELASCO EPP";MINAS GERAIS;2023;fora;"Fabricação de produtos farmacêuticos e veterinários"
04407962;"JOTA & ENE IND. E COM DE COSMETICOS LTDA";SAO PAULO;2022;fora;"Fabricação de perfumarias e cosméticos"
93408003;"JOVII COSMECEUTICA LTDA";RIO GRANDE DO SUL;2025;fora;"Fabricação de perfumarias e cosméticos"
03869526;"JRD INDUSTRIA FARMACEUTICA LTDA - EPP";GOIAS;2024;fora;"Fabricação de produtos farmacêuticos e veterinários"
38479255;"JSA INDÚSTRIA DE COSMÉTICOS LTDA";ESPIRITO SANTO;2025;fora;"Fabricação de perfumarias e cosméticos"
28599770;"JVG INDUSTRIA DE COSMETICOS LTDA";RIO GRANDE DO SUL;2024;fora;"Fabricação de perfumarias e cosméticos"
23267516;"K7 QUIMICA DO BRASIL LTDA-ME";ESPIRITO SANTO;2022;fora;"Fabricação de perfumarias e cosméticos"
35419453;"KAEDO DO BRASIL COSMETICOS LTDA";MINAS GERAIS;2024;fora;"Fabricação de perfumarias e cosméticos"
06145615;"KAIZEN INDUSTRIA E COMERCIO DE COSMETICOS LTDA";ALAGOAS;2024;fora;"Fabricação de perfumarias e cosméticos"
29017852;"KANITZ 1900 COSMETICOS LTDA";RIO DE JANEIRO;2025;fora;"Fabricação de perfumarias e cosméticos"
11482415;"KARLA BEAUTY COSMÉTICOS LTDA-ME";RIO DE JANEIRO;2024;fora;"Fabricação de perfumarias e cosméticos"
17168142;"KARUÍ INDUSTRIAL LTDA ME";SAO PAULO;2024;fora;"Fabricação de perfumarias e cosméticos"
23532903;"KATIVE COSMÉTICOS INDUSTRIA COMÉRCIO LTDA -ME";SAO PAULO;2023;fora;"Fabricação de perfumarias e cosméticos"
36289783;"KATRO R COMÉRCIO E INDÚSTRIA DE COSMÉTICOS LTDA";RIO DE JANEIRO;2025;fora;"Fabricação de perfumarias e cosméticos"
11864739;"KERALUX INDUSTRIA E COMERCIO DE COSMÉTICOS LTDA-EPP";SAO PAULO;2025;fora;"Fabricação de perfumarias e cosméticos"
51224877;"KERATIN BRAZIL INDUSTRIA DE COSMETICOS, IMPORTACAO E EXPORTACAO LTDA";SAO PAULO;2025;fora;"Fabricação de perfumarias e cosméticos"
01012826;"KERT INDUSTRIA E COMERCIO DE COSMETICOS LTDA";SAO PAULO;2025;fora;"Fabricação de perfumarias e cosméticos"
20064544;"KIMERA BIOTECNOLOGIA LTDA. - ME";SAO PAULO;2025;fora;"Fabricação de produtos farmacêuticos e veterinários"
10257048;"KOCH INDÚSTRIA E COMÉRCIO DE COSMÉTICOS";BAHIA;2025;fora;"Fabricação de perfumarias e cosméticos"
05297188;"KOOSMETICS IND E COM DE COSMETICOS IMPORTACAO E EXPORTACAO LTDA";SAO PAULO;2024;fora;"Fabricação de perfumarias e cosméticos"
12164418;"KOSMETIC INDUSTRIA LTDA";SAO PAULO;2024;fora;"Fabricação de perfumarias e cosméticos"
11508408;"KOSMETIK INDÚSTRIA E COMÉRCIO DE COSMÉTICOS LTDA";MINAS GERAIS;2025;fora;"Fabricação de perfumarias e cosméticos"
04842199;"KOVALENT DO BRASIL LTDA";RIO DE JANEIRO;2024;fora;"Fabricação de produtos farmacêuticos e veterinários"
05415487;"KRENAK DO BRASIL INDÚSTRIA E COMÉRCIO DE COSMÉTICOS LTDA.";SAO PAULO;2025;fora;"Fabricação de perfumarias e cosméticos"
84712579;"KRESS FARMACÊUTICA S.A";SANTA CATARINA;2024;fora;"Fabricação de produtos farmacêuticos e veterinários"
43056264;"KYMBERG FARMACÊUTICA DO BRASIL LTDA";SAO PAULO;2025;fora;"Fabricação de produtos farmacêuticos e veterinários"
08273045;"L & S BRASIL ABSOLUT - INDÚSTRIA E COMÉRCIO DE COSMÉTICOS LTDA";PARANA;2024;fora;"Fabricação de perfumarias e cosméticos"
15483013;"L. B. C. - LABORATORIO BRASIL COSMETICOS EIRELI";SAO PAULO;2022;fora;"Fabricação de perfumarias e cosméticos"
03470672;"L. R. NORDESTE S/A";SERGIPE;2025;fora;"Fabricação de perfumarias e cosméticos"
96244983;"L.ESPER & CIA LTDA EPP";SAO PAULO;2024;fora;"Fabricação de perfumarias e cosméticos"
28978035;"LA BONNIE IMP, EXP, INDUSTRIA E COMERCIO DE COSMETICOS LTDA";SANTA CATARINA;2024;fora;"Fabricação de perfumarias e cosméticos"
65384620;"LA FORCE CREATIVE PRODUTOS NATURAIS LTDA";MINAS GERAIS;2024;fora;"Fabricação de perfumarias e cosméticos"
02651975;"LA VITTA COSMÉTICA LTDA.";SAO PAULO;2023;fora;"Fabricação de perfumarias e cosméticos"
22726088;"LABCIT INDUSTRIA E COMERCIO LTDA";DISTRITO FEDERAL;2025;fora;"Fabricação de perfumarias e cosméticos"
36640575;"LABEL D OR INDUSTRIA E COMERCIO DE COSMETICOS LTDA";SAO PAULO;2025;fora;"Fabricação de perfumarias e cosméticos"
47100862;"LABORATIL FARMACEUTICA LTDA";SAO PAULO;2025;fora;"Fabricação de produtos farmacêuticos e veterinários"
57997561;"LABORATORIO ALIANCE LTDA -EPP";SAO PAULO;2025;fora;"Fabricação de produtos farmacêuticos e veterinários"
62823752;"LABORATÓRIO AVAMILLER DE COSMÉTICOS LTDA";SAO PAULO;2025;fora;"Fabricação de perfumarias e cosméticos"
31673254;"LABORATORIO B. BRAUN S.A.";RIO DE JANEIRO;2024;fora;"Fabricação de produtos farmacêuticos e veterinários"
71530075;"LABORATORIO BEL QUIMICA LTDA EPP";SAO PAULO;2025;fora;"Fabricação de perfumarias e cosméticos"
60411527;"LABORATORIO BIO-VET LTDA";SAO PAULO;2025;fora;"Fabricação de produtos farmacêuticos e veterinários | Fabricação de perfumarias e cosméticos"
08909439;"LABORATÓRIO BIOX DO BRASIL LTDA";SANTA CATARINA;2025;fora;"Fabricação de produtos farmacêuticos e veterinários"
76719525;"LABORATÓRIO CALBOS LTDA";PARANA;2025;fora;"Fabricação de produtos farmacêuticos e veterinários"
84684620;"LABORATORIO CATARINENSE LTDA";SANTA CATARINA;2025;fora;"Fabricação de produtos farmacêuticos e veterinários"
11504448;"LABORATÓRIO DE FLORAIS E COSMÉTICOS JOEL ALEIXO LTDA";SAO PAULO;2025;fora;"Fabricação de perfumarias e cosméticos"
78882750;"LABORATÓRIO ESSER LTDA";SANTA CATARINA;2023;fora;"Fabricação de produtos farmacêuticos e veterinários"
41921149;"LABORATÓRIO FARMACÊUTICO ARBORETO LTDA";MINAS GERAIS;2025;fora;"Fabricação de produtos farmacêuticos e veterinários"
83874628;"LABORATORIO FARMACEUTICO ELOFAR LTDA";SANTA CATARINA;2025;fora;"Fabricação de produtos farmacêuticos e veterinários"
60565520;"LABORATORIO FARMAERVAS LTDA";SAO PAULO;2023;fora;"Fabricação de produtos farmacêuticos e veterinários | Fabricação de perfumarias e cosméticos"
17115437;"LABORATORIO GLOBO S.A";MINAS GERAIS;2025;fora;"Fabricação de produtos farmacêuticos e veterinários"
33145194;"LABORATORIO GROSS SA";RIO DE JANEIRO;2025;fora;"Fabricação de produtos farmacêuticos e veterinários"
85000966;"LABORATORIO LAPRONAT LTDA";PARANA;2022;fora;"Fabricação de perfumarias e cosméticos"
21549522;"LABORATORIO MELPOEJO LTDA";MINAS GERAIS;2024;fora;"Fabricação de produtos farmacêuticos e veterinários"
86183704;"LABORATORIO PERINI LTDA.";SANTA CATARINA;2024;fora;"Fabricação de produtos farmacêuticos e veterinários"
61282661;"LABORATÓRIO QUIMICO FARMACÊUTICO BERGAMO LTDA";SAO PAULO;2024;fora;"Fabricação de produtos farmacêuticos e veterinários"
91671792;"LABORATÓRIO SAÚDE LTDA";RIO GRANDE DO SUL;2025;fora;"Fabricação de produtos farmacêuticos e veterinários | Fabricação de perfumarias e cosméticos"
62134671;"LABORATÓRIO SCHRAIBMANN LTDA";SAO PAULO;2023;fora;"Fabricação de produtos farmacêuticos e veterinários"
62635669;"LABORATORIO SKLEAN DO BRASIL LTDA.";SAO PAULO;2025;fora;"Fabricação de perfumarias e cosméticos"
60879848;"LABORATORIO TAYUYNA LTDA.";SAO PAULO;2023;fora;"Fabricação de produtos farmacêuticos e veterinários"
17159229;"LABORATÓRIO TEUTO BRASILEIRO SA";GOIAS;2025;fora;"Fabricação de produtos farmacêuticos e veterinários"
08352440;"LABORATORIO TIARAJU ALIMENTOS E COSMÉTICOS S.A";RIO GRANDE DO SUL;2025;fora;"Fabricação de produtos farmacêuticos e veterinários"
56646953;"LABORATORIO VITALAB LTDA";SAO PAULO;2025;fora;"Fabricação de perfumarias e cosméticos"
92690999;"LABORATÓRIO WESP LTDA.";RIO GRANDE DO SUL;2025;fora;"Fabricação de produtos farmacêuticos e veterinários"
04748181;"LABORATÓRIOS BAGÓ DO BRASIL S/A";RIO DE JANEIRO;2024;fora;"Fabricação de produtos farmacêuticos e veterinários"
61150447;"LABORATORIOS BALDACCI S.A";SAO PAULO;2025;fora;"Fabricação de produtos farmacêuticos e veterinários"
32465155;"LABORATORIOS DUPRAT LTDA";RIO DE JANEIRO;2025;fora;"Fabricação de produtos farmacêuticos e veterinários"
03670008;"LABORATORIOS GRASCON DO BRASIL LTDA";SAO PAULO;2025;fora;"Fabricação de produtos farmacêuticos e veterinários"
19791813;"LABORATÓRIOS OSÓRIO DE MORAES LTDA.";MINAS GERAIS;2024;fora;"Fabricação de produtos farmacêuticos e veterinários"
46070868;"LABORATORIOS PFIZER LTDA";SAO PAULO;2024;fora;"Fabricação de produtos farmacêuticos e veterinários"
42374207;"LABORATORIOS SERVIER DO BRASIL LTDA";RIO DE JANEIRO;2024;fora;"Fabricação de produtos farmacêuticos e veterinários"
01898189;"LABORCIV LABORATORIO CENTRO DE INTEGRAÇÃO DA VIDA LTDA";SAO PAULO;2024;fora;"Fabricação de perfumarias e cosméticos"
57570640;"LABORMAX INDUSTRIA COSMETICA IMPORTACAO E EXPORTACAO LTDA";SAO PAULO;2025;fora;"Fabricação de perfumarias e cosméticos"
33011971;"LABOTRAT INDÚSTRIA DE COSMÉTICOS LTDA";CEARA;2025;fora;"Fabricação de perfumarias e cosméticos"
34362558;"LABOVET PRODUTOS VETERINARIOS";BAHIA;2025;fora;"Fabricação de produtos farmacêuticos e veterinários"
18676712;"LABTERAPI - LABORATÓRIO DE PRODUTOS NATURAIS EIRELI";SAO PAULO;2025;fora;"Fabricação de perfumarias e cosméticos"
09437796;"LACCOS INDÚSTRIA DE COSMÉTICOS LTDA";MINAS GERAIS;2025;fora;"Fabricação de perfumarias e cosméticos"
48126614;"LADY BEAUTY INDUSTRIA QUIMICA LTDA";SAO PAULO;2025;fora;"Fabricação de perfumarias e cosméticos"
09240082;"LAGUNE COSMETICS INDÚSTRIA, COMÉRCIO, IMPORTAÇÃO E EXPORTAÇÃO LTDA EPP";SAO PAULO;2023;fora;"Fabricação de perfumarias e cosméticos"
03606108;"LANGE COSMETICOS LTDA";SAO PAULO;2025;fora;"Fabricação de perfumarias e cosméticos"
04623026;"LAPSAN INDÚSTRIA E COMÉRCIO LTDA ME";SAO PAULO;2025;fora;"Fabricação de perfumarias e cosméticos"
43606714;"LARRUS INDUSTRIA E COMERCIO DE COSMETICOS LTDA";SAO PAULO;2025;fora;"Fabricação de perfumarias e cosméticos"
08653830;"LARY INDUSTRIA E COMERCIO DE COSMETICOS LTDA ­ EPP";SAO PAULO;2022;fora;"Fabricação de perfumarias e cosméticos"
05998050;"LCA LABORATORIO DE COSMETOLOGIA APLICADA LTDA";BAHIA;2023;fora;"Fabricação de perfumarias e cosméticos"
01045796;"LE PIERI COSMETICOS LTDA";SAO PAULO;2025;fora;"Fabricação de perfumarias e cosméticos"
02372824;"LEBRUCE INDUSTRIA E COMERCIO DE COSMÉTICOS LTDA";SAO PAULO;2025;fora;"Fabricação de perfumarias e cosméticos"
05044984;"LEGRAND PHARMA INDÚSTRIA FARMACÊUTICA LTDA.";SAO PAULO;2024;fora;"Fabricação de produtos farmacêuticos e veterinários"
29960769;"LEVER INDÚSTRIA E COMÉRCIO DE COSMÉTICOS LTDA";MINAS GERAIS;2022;fora;"Fabricação de perfumarias e cosméticos"
14777363;"LEW COSMETICOS LTDA";SAO PAULO;2025;fora;"Fabricação de perfumarias e cosméticos"
61230314;"LIBBS FARMACEUTICA LTDA";SAO PAULO;2025;fora;"Fabricação de produtos farmacêuticos e veterinários"
16733299;"LIFE - LABORATORIO DE INSUMOS FARMACEUTICOS ESTEREIS LTDA";RIO GRANDE DO SUL;2024;fora;"Fabricação de produtos farmacêuticos e veterinários"
09209136;"LINE INDUSTRIA DE COSMETICOS LTDA";BAHIA;2025;fora;"Fabricação de perfumarias e cosméticos"
61610515;"LIPSON COSMÉTICOS LTDA";SAO PAULO;2025;fora;"Fabricação de perfumarias e cosméticos"
20161998;"LISBOA FERNANDEZ E CIA LTDA - ME";MINAS GERAIS;2025;fora;"Fabricação de produtos farmacêuticos e veterinários"
00316383;"LM DO BRASIL INDUSTRIA E COMERCIO DE COSMETICOS LTDA EPP";SAO PAULO;2024;fora;"Fabricação de perfumarias e cosméticos"
05787174;"LOBATO TECNOLOGIA DA BELEZA INDUSTRIA DE COSMETICOS LTDA";SAO PAULO;2024;fora;"Fabricação de perfumarias e cosméticos"
23310408;"LODORAT COSMETICOS LTDA";SAO PAULO;2023;fora;"Fabricação de perfumarias e cosméticos"
55443050;"LONDON IND. COSMÉTICOS LTDA";SAO PAULO;2025;fora;"Fabricação de perfumarias e cosméticos"
07266583;"LOREN INDUSTRIAL LTDA";GOIAS;2025;fora;"Fabricação de perfumarias e cosméticos"
01160649;"LOURENCE COMESTICOS LTDA - ME";MINAS GERAIS;2023;fora;"Fabricação de perfumarias e cosméticos"
17159943;"LQF LABORATORIO QUIMICO FARMACEUTICO RIO PRETO LTDA";SAO PAULO;2025;fora;"Fabricação de perfumarias e cosméticos"
33026150;"LSV BEAUTY INDUSTRIA E COMERCIO DE COSMETICOS LTDA";SAO PAULO;2024;fora;"Fabricação de perfumarias e cosméticos"
05076414;"LUCIPHARMA INDUSTRIA FARMACEUTICA LTDA EPP";SAO PAULO;2023;fora;"Fabricação de produtos farmacêuticos e veterinários"
02740912;"LUPELL INDUSTRIA DE SOLUCAO COSMETICA EIRELI";SAO PAULO;2025;fora;"Fabricação de perfumarias e cosméticos"
13324317;"LUSINE INDUSTRIA E COMERCIO DE COSMETICOS LTDA";SAO PAULO;2025;fora;"Fabricação de perfumarias e cosméticos"
08775311;"LUXBIOTECH FARMACEUTICA LTDA.";SAO PAULO;2025;fora;"Fabricação de perfumarias e cosméticos"
13714948;"LUXE PRIMMER LTDA ME";SAO PAULO;2023;fora;"Fabricação de perfumarias e cosméticos"
35506722;"M. A. ECOPLUS COSMETICOS LTDA";SAO PAULO;2024;fora;"Fabricação de perfumarias e cosméticos"
32784492;"M. R. IMPÉRIO LABORATÓRIO PRODUTOS FARMACÊUTICOS LTDA";SAO PAULO;2022;fora;"Fabricação de produtos farmacêuticos e veterinários"
04573290;"M.C. SALES INDUSTRIA E COMERCIO DE COSMETICOS LTDA ME";CEARA;2022;fora;"Fabricação de perfumarias e cosméticos"
07262881;"M.T. INDUSTRIA E COMERCIO DE PRODUTOS PARA HIGIENE LTDA";SAO PAULO;2025;fora;"Fabricação de perfumarias e cosméticos"
66166661;"M.Z.COSMÉTICOS LTDA.";SAO PAULO;2024;fora;"Fabricação de perfumarias e cosméticos"
20453074;"M&P CRIATIVE COOMERCIAL LTDA. - ME";SAO PAULO;2024;fora;"Fabricação de perfumarias e cosméticos"
00859407;"MAC PAUL COSMETICOS LTDA ME";SAO PAULO;2025;fora;"Fabricação de perfumarias e cosméticos"
03758957;"MAGISTRIS DO BRASIL LABORATORIO DERMOCOSMETICOS EIRELI EPP";SAO PAULO;2024;fora;"Fabricação de perfumarias e cosméticos"
05670136;"MAGO INDUSTRIA E COMERCIO DE PRODUTOS COSMETICOS LTDA ME";SAO PAULO;2025;fora;"Fabricação de perfumarias e cosméticos"
01949586;"MAIRIBEL COSMÉTICOS EIRELI - ME";SAO PAULO;2025;fora;"Fabricação de perfumarias e cosméticos"
03747054;"MAISON VISAGE COSMETIQUE LTDA";MINAS GERAIS;2025;fora;"Fabricação de perfumarias e cosméticos"
28789689;"MAJESTIC FAB DE POLÍMEROS ESTÉTICOS E DIFERENCIADOS LTDA";SAO PAULO;2025;fora;"Fabricação de perfumarias e cosméticos"
28100804;"MAKER INDUSTRIA COMERCIO IMPORTAÇÃO E EXPORTAÇÃO DE COSMETICOS LTDA ME";SAO PAULO;2023;fora;"Fabricação de perfumarias e cosméticos"
15812622;"MALLVAN BRASIL LTDA ME";SAO PAULO;2025;fora;"Fabricação de perfumarias e cosméticos"
01233103;"MAPPEL INDÚSTRIA DE EMBALAGENS LTDA";SAO PAULO;2025;fora;"Fabricação de perfumarias e cosméticos"
96559679;"MARCIO CARUSO-ME";SAO PAULO;2022;fora;"Fabricação de produtos farmacêuticos e veterinários"
12119356;"MARGY COSMETICOS LTDA ME";SAO PAULO;2024;fora;"Fabricação de perfumarias e cosméticos"
20735007;"MARIA EFIGENIA NUNES EPP";MINAS GERAIS;2025;fora;"Fabricação de perfumarias e cosméticos"
17341540;"MARILYN EYES COSMETICOS E PRODUTOS PARA SAUDE LTDA";SAO PAULO;2025;fora;"Fabricação de perfumarias e cosméticos"
60726692;"MARJAN INDÚSTRIA E COMÉRCIO LTDA";SAO PAULO;2024;fora;"Fabricação de produtos farmacêuticos e veterinários | Fabricação de perfumarias e cosméticos"
11969188;"MASCARENHAS INDUSTRIA E COMERCIO DE COSMETICOS LTDA";BAHIA;2025;fora;"Fabricação de perfumarias e cosméticos"
17369233;"MASP INDUSTRIA FARMACEUTICA LTDA";RIO GRANDE DO SUL;2024;fora;"Fabricação de perfumarias e cosméticos"
01856022;"MASTER LINE DO BRASIL LTDA";MINAS GERAIS;2025;fora;"Fabricação de perfumarias e cosméticos"
05865494;"MAXCOL INDUSTRIA E COMERCIO EIRELI";MINAS GERAIS;2025;fora;"Fabricação de produtos farmacêuticos e veterinários"
04747512;"MAXVET INDUSTRIA E COMERCIO DE PRODUTOS VETERINARIOS LTDA ME";SAO PAULO;2025;fora;"Fabricação de perfumarias e cosméticos"
03316093;"MAZA 2000 COMERCIO INDUSTRIA LTDA";GOIAS;2025;fora;"Fabricação de perfumarias e cosméticos"
17713632;"MB CORPORIS INDUSTRIA DE COSMETICOS EIRELI-ME";MINAS GERAIS;2022;fora;"Fabricação de perfumarias e cosméticos"
03590360;"MBIOLOG DIAGNOSTICOS LTDA";MINAS GERAIS;2024;fora;"Fabricação de produtos farmacêuticos e veterinários"
18755529;"MCG INDUSTRIA FARMACEUTICA E IMPORTACAO LTDA";SAO PAULO;2024;fora;"Fabricação de produtos farmacêuticos e veterinários"
30874801;"MCG PERFUMARIA LTDA";SAO PAULO;2024;fora;"Fabricação de perfumarias e cosméticos"
14600578;"MCG SUPLEMENTOS ALIMENTARES LTDA";SAO PAULO;2023;fora;"Fabricação de perfumarias e cosméticos"
08212420;"MCJ INDUSTRIA E COMERCIO DE COSMETICOS LTDA";DISTRITO FEDERAL;2022;fora;"Fabricação de perfumarias e cosméticos"
06923493;"MEDFIO INDÚSTRIA E COMÉRCIO DE ART. ODONT. LTDA";PARANA;2024;fora;"Fabricação de perfumarias e cosméticos"
43079656;"MEDIAN INDUSTRIA E COMERCIO LTDA";SAO PAULO;2025;fora;"Fabricação de perfumarias e cosméticos"
17875154;"MEDQQUIMICA INDUSTRIA FARMACÊUTICA LTDA";MINAS GERAIS;2024;fora;"Fabricação de produtos farmacêuticos e veterinários"
41194139;"MEGA COSMÉTICOS LTDA";SAO PAULO;2024;fora;"Fabricação de perfumarias e cosméticos"
15569959;"MEGA VITAL INDÚSTRIA E COMÉRCIO DE COSMÉTICOS LTDA - ME";RIO DE JANEIRO;2024;fora;"Fabricação de perfumarias e cosméticos"
33026055;"MEGALABS FARMACEUTICA S.A.";RIO DE JANEIRO;2025;fora;"Fabricação de produtos farmacêuticos e veterinários"
10674889;"MELLINDA INDUSTRIA E COMERCIO DE COSMETICOS LTDA ME";SAO PAULO;2023;fora;"Fabricação de perfumarias e cosméticos"
07954091;"MERCK SHARP & DOHME SAÚDE ANIMAL LTDA";SAO PAULO;2025;fora;"Fabricação de produtos farmacêuticos e veterinários"
25055309;"MG INDÚSTRIA E COMÉRCIO DE COSMÉTICOS LTDA-EPP";SAO PAULO;2025;fora;"Fabricação de perfumarias e cosméticos"
10803951;"MGK INDUSTRIA DE COSMÉTICOS LTDA ME";SAO PAULO;2025;fora;"Fabricação de perfumarias e cosméticos"
36448304;"MGL SUCESSO QUIMICA EIRELI";SAO PAULO;2025;fora;"Fabricação de perfumarias e cosméticos"
26233064;"MICROBIOLOGIA VETERINARIA ESPECIAL LTDA";MINAS GERAIS;2025;fora;"Fabricação de produtos farmacêuticos e veterinários"
84683382;"MINANCORA & CIA LTDA";SANTA CATARINA;2024;fora;"Fabricação de produtos farmacêuticos e veterinários | Fabricação de perfumarias e cosméticos"
04891262;"MJM PRODUTOS FARMACEUTICOS E DE RADIOPROTEÇÃO S.A.";RIO GRANDE DO SUL;2024;fora;"Fabricação de produtos farmacêuticos e veterinários"
24752361;"MJS INDUSTRIA E COMERCIO DE MATERIAIS PARA SAUDE LTDA ME";MINAS GERAIS;2023;fora;"Fabricação de produtos farmacêuticos e veterinários"
37231241;"MMS INDÚSTRIA DE COSMÉTICOS LTDA";SAO PAULO;2024;fora;"Fabricação de perfumarias e cosméticos"
07441735;"MODERNA INDUSTRIA E COMERCIO DE COSMETICOS LTDA";SAO PAULO;2025;fora;"Fabricação de perfumarias e cosméticos"
34860401;"MOR INDÚSTRIA E COMÉRCIO DE COSMÉTICO LTDA";SERGIPE;2024;fora;"Fabricação de perfumarias e cosméticos"
22771977;"MOREIRA & MORAIS COSMÉTICOS LTDA 35097490819";SAO PAULO;2023;fora;"Fabricação de perfumarias e cosméticos"
36231823;"MR COSMETIC INDUSTRIA E DISTRIBUIÇÃO DE PRODUTOS COSMÉTICOS LTDA";PARANA;2022;fora;"Fabricação de perfumarias e cosméticos"
53365359;"MS INDUSTRIA E COMERCIO DE COSMETICOS LTDA";SAO PAULO;2025;fora;"Fabricação de perfumarias e cosméticos"
46802217;"MUDRA COSMÉTICOS E SERVIÇOS LTDA";SAO PAULO;2024;fora;"Fabricação de perfumarias e cosméticos"
00840754;"MULTI VEGETAL COM. COSM. PROD. NAT. LTDA - ME";SAO PAULO;2024;fora;"Fabricação de perfumarias e cosméticos"
31277525;"MULTI-MARCAS INDUSTRIA DE PRODUTOS HIGIENICOS LTDA";GOIAS;2025;fora;"Fabricação de perfumarias e cosméticos"
49604226;"MULTIGEL INDUSTRIA E COMERCIO IMP E EXP DE PROD PARA SAUDE LTDA -EPP";MINAS GERAIS;2025;fora;"Fabricação de produtos farmacêuticos e veterinários"
66620675;"MULTITONS COSMETICOS EIRELI";SAO PAULO;2024;fora;"Fabricação de perfumarias e cosméticos"
54844774;"MUNDO ANIMAL LABORATÓRIO VETERINÁRIO LTDA.";SAO PAULO;2025;fora;"Fabricação de produtos farmacêuticos e veterinários"
09492311;"MUNDO DISTRIBUIDORA DE COSMÉTICOS LTDA";ESPIRITO SANTO;2024;fora;"Fabricação de perfumarias e cosméticos"
17440261;"MYRALIS INDÚSTRIA FARMACÊUTICA LTDA";SAO PAULO;2024;fora;"Fabricação de produtos farmacêuticos e veterinários"
08170462;"MZ3 INDÚSTRIA E COMÉRCIO DE COSMÉTICOS LTDA EPP";SAO PAULO;2025;fora;"Fabricação de perfumarias e cosméticos"
05304403;"N. S. PRODUTOS E SISTEMAS DE HIGIENE LTDA.";SAO PAULO;2025;fora;"Fabricação de perfumarias e cosméticos"
50860273;"NANOG COMERCIO, IMPORTACAO E EXPORTACAO DE PRODUTOS COSMETICOS LTDA";SAO PAULO;2023;fora;"Fabricação de perfumarias e cosméticos"
08908883;"NASI INDUSTRIA DE NUTRICOSMETICOS LTDA";PIAUI;2024;fora;"Fabricação de perfumarias e cosméticos | Fabricação de produtos farmacêuticos e veterinários"
65271900;"NATIVITA INDUSTRIA E COMERCIO LTDA EPP";MINAS GERAIS;2025;fora;"Fabricação de produtos farmacêuticos e veterinários"
02409271;"NATU BELLY INDUSTRIA E COMERCIO DE COSMETICOS LTDA";GOIAS;2025;fora;"Fabricação de perfumarias e cosméticos"
00450105;"NATU CHARM INDUSTRIA E COMERCIO DE COSMETICOS LTDA-ME";GOIAS;2024;fora;"Fabricação de perfumarias e cosméticos"
82605114;"NATU KAPILAR ENVASADORA E COMÉRCIO DE COSMÉTICOS LTDA";PARANA;2025;fora;"Fabricação de perfumarias e cosméticos"
17849564;"NATU PRIME INDÚSTRIA E COMÉRCIO DE COSMÉTICOS LTDA - ME";MINAS GERAIS;2025;fora;"Fabricação de perfumarias e cosméticos"
03367581;"NATU'S MINAS PRODUTOS NATURAIS E APÍCOLAS LTDA ME";RIO DE JANEIRO;2024;fora;"Fabricação de perfumarias e cosméticos"
04084834;"NATUFLORES INDUSTRIA E COMERCIO DE COSMETICOS LTDA";GOIAS;2025;fora;"Fabricação de perfumarias e cosméticos"
02456955;"NATULAB LABORATORIO SA";BAHIA;2025;fora;"Fabricação de produtos farmacêuticos e veterinários"
42698048;"NATUMED INDÚSTRIA LTDA.";SAO PAULO;2024;fora;"Fabricação de produtos farmacêuticos e veterinários"
03021976;"NATURAL ERVAS PRODUTOS NATURAIS LTDA";ESPIRITO SANTO;2022;fora;"Fabricação de perfumarias e cosméticos | Fabricação de produtos farmacêuticos e veterinários"
04573825;"NATURAL LIFE COMÉRCIO, IMPORTAÇÃO E EXPORTAÇÃO DE COSMÉTICOS LTDA - EPP";SAO PAULO;2023;fora;"Fabricação de perfumarias e cosméticos"
54479563;"NATURAL LINE COSMETICOS LTDA";SAO PAULO;2025;fora;"Fabricação de perfumarias e cosméticos"
08632393;"NATURAL PLANET COSMETICOS EIRELI";SAO PAULO;2023;fora;"Fabricação de perfumarias e cosméticos"
07460887;"NATURAL WATER INDÚSTRIA E COMÉRCIO LTDA. - EPP";SAO PAULO;2024;fora;"Fabricação de perfumarias e cosméticos"
17735178;"NATUREZA ATIVA INDUSTRIA E COMÉRCIO DE COSMÉTICOS LTDA";MINAS GERAIS;2025;fora;"Fabricação de perfumarias e cosméticos"
63064968;"NAWT'S LIFE IND. E COM. DE COSMETICOS LTDA.";SAO PAULO;2025;fora;"Fabricação de perfumarias e cosméticos"
56851355;"NAZCA COSMÉTICOS IND. E COM. LTDA";SAO PAULO;2025;fora;"Fabricação de perfumarias e cosméticos"
05758135;"NB INDÚTRIA E COMÉRCIO LTDA";ESPIRITO SANTO;2025;fora;"Fabricação de perfumarias e cosméticos"
42063573;"NEOLAB SOLUÇÕES FARMACÊUTICAS ESTÉREIS DO BRASIL LTDA";SAO PAULO;2025;fora;"Fabricação de produtos farmacêuticos e veterinários"
20451270;"NEON INDÚSTRIA E COMÉRCIO DE COSMÉTICOS LTDA - ME";SAO PAULO;2025;fora;"Fabricação de perfumarias e cosméticos"
03424849;"NETWORK BEAUTY & FASHION COSMÉTICA LTDA.";SAO PAULO;2025;fora;"Fabricação de perfumarias e cosméticos"
03303439;"NEVES E SANTOS FABR. E DISTR. DE COSMÉTICOS LTDA";MINAS GERAIS;2023;fora;"Fabricação de perfumarias e cosméticos"
11951228;"NEW BLACK INDUSTRIA E COMERCIO DE COSMETICOS, IMPORTACAO E EXPORTACAO LTDA";SAO PAULO;2023;fora;"Fabricação de perfumarias e cosméticos"
23759374;"NEW CONCEPT INDUSTRIA E COMERCIO DE COSMETICOS LTDA";RIO GRANDE DO SUL;2024;fora;"Fabricação de perfumarias e cosméticos"
04116475;"NEW LIFE IND. COM. COSMÉTICOS LTDA";GOIAS;2025;fora;"Fabricação de perfumarias e cosméticos"
02259684;"NIZSO INDUSTRIA E COMERCIO DE PRODUTOS COSMETICOS LTDA";SAO PAULO;2023;fora;"Fabricação de perfumarias e cosméticos"
52541273;"NL COMERCIO EXTERIOR LTDA";SAO PAULO;2025;fora;"Fabricação de produtos farmacêuticos e veterinários"
05127216;"NORTIS FARMACÊUTICA LTDA";PARANA;2024;fora;"Fabricação de produtos farmacêuticos e veterinários"
31743223;"NOSSA FABRICA TERCEIRIZAÇÃO DE COSMÉTICOS LTDA";MINAS GERAIS;2022;fora;"Fabricação de perfumarias e cosméticos"
13366641;"NOVA CEDRAL COMÉRCIO DE COSMÉTICOS EIRELI";SAO PAULO;2024;fora;"Fabricação de perfumarias e cosméticos"
29153127;"NOVA ERA COMPANY SUPLEMENTOS E COMESTICOS LTDA";PERNAMBUCO;2024;fora;"Fabricação de perfumarias e cosméticos"
04934939;"NOVA FORMULA FARMACIA DE MANIPULACAO LTDA";CEARA;2025;fora;"Fabricação de produtos farmacêuticos e veterinários"
16921603;"NOVO NORDISK PRODUÇÃO FARMACÊUTICA DO BRASIL LTDA";MINAS GERAIS;2024;fora;"Fabricação de produtos farmacêuticos e veterinários"
03982656;"NOXON DO BRASIL QUIMICA E FARMACEUTICA LTDA";SAO PAULO;2023;fora;"Fabricação de produtos farmacêuticos e veterinários"
08133243;"NP INDUSTRIA E COMERCIO DE COSMETICOS EIRELI";MINAS GERAIS;2024;fora;"Fabricação de perfumarias e cosméticos"
41954854;"NRS INDUSTRIA DE PRODUTOS DE HIGIENE E COSMETICOS LTDA - EPP";CEARA;2025;fora;"Fabricação de perfumarias e cosméticos"
12004418;"NUTRALISS LTDA";GOIAS;2024;fora;"Fabricação de perfumarias e cosméticos"
11938121;"NUTRATUS INDÚSTRIA E COMERCIO DE COSMÉTICOS E ALIMENTOS LTDA.";GOIAS;2024;fora;"Fabricação de perfumarias e cosméticos"
01794299;"NUTRIBRAS - IND. E COM. DE PRODUTOS PECUARIOS LTDA";PARANA;2024;fora;"Fabricação de produtos farmacêuticos e veterinários"
22966065;"NUTRIEX INDÚSTRIA DE NUTRACEUTICOS LTDA";GOIAS;2025;fora;"Fabricação de perfumarias e cosméticos"
00861348;"OESTE STAR FARMACIA VETERINARIA E NUTRICAO ANIMAL LTDA";SAO PAULO;2022;fora;"Fabricação de produtos farmacêuticos e veterinários"
00192190;"OFTALMOPHARMA INDÚSTRIA E COMÉRCIO DE PRODUTOS FARMACÊUTICOS LTDA";SAO PAULO;2025;fora;"Fabricação de produtos farmacêuticos e veterinários"
48707913;"OGGI PER TE INDUSTRIA QUIMICA E COMERCIO COSMETICOS LTDA";SAO PAULO;2025;fora;"Fabricação de perfumarias e cosméticos"
32785000;"OHANA KAMEALA EXPERIENCE OLFACTIVE LTDA";SAO PAULO;2025;fora;"Fabricação de perfumarias e cosméticos"
61129409;"OPHTHALMOS S.A.";SAO PAULO;2025;fora;"Fabricação de produtos farmacêuticos e veterinários"
45987013;"ORGANON FARMACÊUTICA LTDA";SAO PAULO;2025;fora;"Fabricação de produtos farmacêuticos e veterinários"
12487355;"ORIGINAL BEAUTY COSMÉTICOS EIRELI - EPP";SAO PAULO;2022;fora;"Fabricação de perfumarias e cosméticos"
59693267;"ORION COSMÉTICOS LTDA - EPP";SAO PAULO;2024;fora;"Fabricação de perfumarias e cosméticos"
04869306;"OUAIS INDUSTRIA E COMERCIO DE COSMETICOS LTDA";BAHIA;2025;fora;"Fabricação de perfumarias e cosméticos"
23620199;"P&D CHEMICALS INDUSTRIA DE COSMETICOS LTDA";DISTRITO FEDERAL;2024;fora;"Fabricação de perfumarias e cosméticos"
75619742;"PALMINDAYA COSMETICOS LTDA";PARANA;2025;fora;"Fabricação de perfumarias e cosméticos"
05772986;"PARUZIAS IND E COMERCIO DE COSMETICOS LTDA EPP";SAO PAULO;2025;fora;"Fabricação de perfumarias e cosméticos"
87727277;"PASTEUR COSMIATRIA LTDA";RIO GRANDE DO SUL;2024;fora;"Fabricação de perfumarias e cosméticos"
22020871;"PDHB INDÚSTRIA COMÉRCIO IMPORTAÇÃO E EXPORTAÇÃO LTDA";SAO PAULO;2025;fora;"Fabricação de perfumarias e cosméticos"
53148896;"PECUARISTA D´OESTE DE ARACATUBA LTDA";SAO PAULO;2025;fora;"Fabricação de produtos farmacêuticos e veterinários"
06158237;"PERFULE COSMETICOS LIMITADA";SAO PAULO;2022;fora;"Fabricação de perfumarias e cosméticos"
62628359;"PERFUMARIA ELANS IND E COM IMP E EXP LTDA";SAO PAULO;2023;fora;"Fabricação de perfumarias e cosméticos | Fabricação de produtos farmacêuticos e veterinários"
40166597;"PERFUMARIA MARCIA LTDA";RIO DE JANEIRO;2024;fora;"Fabricação de perfumarias e cosméticos"
01617017;"PERFUMARIA SARANDI LTDA ME";MINAS GERAIS;2022;fora;"Fabricação de perfumarias e cosméticos"
45259421;"PERFUMES MAUA INDUSTRIA E COMERCIO LTDA.";SAO PAULO;2024;fora;"Fabricação de perfumarias e cosméticos"
39826144;"PESSINI INDÚSTRIA E COMÉRCIO DE COSMÉTICOS LTDA";ESPIRITO SANTO;2024;fora;"Fabricação de perfumarias e cosméticos"
61072393;"PFIZER BRASIL LTDA.";SAO PAULO;2024;fora;"Fabricação de produtos farmacêuticos e veterinários"
11744480;"PH BOTICA IND. E COM. ATAC. E VAREJ. DE COSM. E COMP. ALIM.";MATO GROSSO DO SUL;2022;fora;"Fabricação de perfumarias e cosméticos"
02501297;"PHARLAB INDÚSTRIA FARMACÊTICA S.A";MINAS GERAIS;2025;fora;"Fabricação de produtos farmacêuticos e veterinários"
27711659;"PHARMAESTHETICS DO BRASIL LTDA";PARANA;2025;fora;"Fabricação de produtos farmacêuticos e veterinários"
42830547;"PHARMAKON FARMACIA DE MANIPULACAO LTDA";MINAS GERAIS;2022;fora;"Fabricação de produtos farmacêuticos e veterinários"
25773037;"PHARMASCIENCE INDÚSTRIA FARMACÊUTICA S/A";MINAS GERAIS;2025;fora;"Fabricação de produtos farmacêuticos e veterinários"
00248776;"PHARMATURA INDÚSTRIA DE COMSÉTICOS LTDA - ME";SAO PAULO;2025;fora;"Fabricação de perfumarias e cosméticos"
05817595;"PHD INDÚSTRIA E COMÉRCIO LTDA";SAO PAULO;2025;fora;"Fabricação de perfumarias e cosméticos"
46278537;"PHISALIA PRODUTOS DE BELEZA LTDA";SAO PAULO;2024;fora;"Fabricação de perfumarias e cosméticos"
07282838;"PHLORINEA INDÚSTRIA DE PRODUTOS DE HIGIENE PESSOAL LTDA.";PARANA;2024;fora;"Fabricação de perfumarias e cosméticos"
17910389;"PHS DO BRASIL LTDA";SANTA CATARINA;2024;fora;"Fabricação de produtos farmacêuticos e veterinários"
13852113;"PHYTO GREEN BRASIL INDUSTRIA E COMERCIO DE COSMÉTICOS LTDA ME";SAO PAULO;2025;fora;"Fabricação de perfumarias e cosméticos"
10704205;"PHYTOPLENUS BIOATIVOS S.A.";PARANA;2024;fora;"Fabricação de produtos farmacêuticos e veterinários"
11831799;"PINHO IN. E COM. DE COSMÉTICOS LTDA";CEARA;2023;fora;"Fabricação de perfumarias e cosméticos"
44644490;"PINUS INDUSTRIA E COMERCIO LTDA - EPP";SAO PAULO;2025;fora;"Fabricação de produtos farmacêuticos e veterinários"
07085625;"PL FARMACIA DE MANIPULAÇÃO LTDA - EPP";MINAS GERAIS;2025;fora;"Fabricação de produtos farmacêuticos e veterinários"
39413219;"PLANTERS DO BRASIL INDUSTRIA E COMERCIO DE PRODUTOS FARMOQUIMICOS LTDA";SANTA CATARINA;2025;fora;"Fabricação de perfumarias e cosméticos"
34824083;"PLK INDUSTRIA E COMERCIO DE COSMETICOS";SAO PAULO;2024;fora;"Fabricação de perfumarias e cosméticos"
46553125;"POCKET INDUSTRIA E COMERCIO DE COSMETICOS LTDA";GOIAS;2025;fora;"Fabricação de perfumarias e cosméticos"
12340717;"POINT SUTURE DO BRASIL IND DE FIOS CIRURGICOS LTDA";CEARA;2025;fora;"Fabricação de produtos farmacêuticos e veterinários"
03812429;"POLYSUTURE INDÚSTRIA E COMÉRCIO LTDA";MINAS GERAIS;2025;fora;"Fabricação de produtos farmacêuticos e veterinários"
35481195;"PONTES & MORAIS LTDA";SAO PAULO;2024;fora;"Fabricação de perfumarias e cosméticos"
02270713;"PONTO 9 COSMETICOS INDUSTRIA E COMERCIO LTDA";SAO PAULO;2025;fora;"Fabricação de perfumarias e cosméticos"
08921798;"PORTAL INDÚSTRIA DE PERFUMES E COSMÉTICOS LTDA";PERNAMBUCO;2024;fora;"Fabricação de perfumarias e cosméticos"
04555246;"PORTO SEGURO COSMETICOS LTDA";PARANA;2025;fora;"Fabricação de perfumarias e cosméticos"
10507125;"POTENZA COSMETICOS IND COM LTDA";MINAS GERAIS;2025;fora;"Fabricação de perfumarias e cosméticos"
47048268;"POTY COSMÉTICOS LTDA";SAO PAULO;2025;fora;"Fabricação de perfumarias e cosméticos"
73856593;"PRATI DONADUZZI E CIA LTDA";PARANA;2025;fora;"Fabricação de produtos farmacêuticos e veterinários"
37077979;"PRIME COSMÉTICOS LTDA";MINAS GERAIS;2024;fora;"Fabricação de perfumarias e cosméticos"
33710358;"PROBEAUTY INDUSTRIA E COMERCIO DE COSMETICOS LTDA";SAO PAULO;2022;fora;"Fabricação de perfumarias e cosméticos"
33009945;"PRODUTOS ROCHE QUÍMICOS E FARMACÊUTICOS S/A";RIO DE JANEIRO;2024;fora;"Fabricação de produtos farmacêuticos e veterinários"
03127661;"PROF NR COSMETICOS NATURAIS LTDA - EPP";SAO PAULO;2025;fora;"Fabricação de perfumarias e cosméticos"
64988678;"PROLAB IND E COM DE COSMETICOS LTDA";SAO PAULO;2025;fora;"Fabricação de perfumarias e cosméticos"
02946060;"PROLINE INDÚSTRIA E COMÉRCIO LTDA";PARANA;2025;fora;"Fabricação de perfumarias e cosméticos"
00433082;"PROM DO BRASIL LTDA";SAO PAULO;2024;fora;"Fabricação de perfumarias e cosméticos"
43866094;"PROMAG INDÚSTRIA E COMÉRCIO LTDA";SAO PAULO;2025;fora;"Fabricação de perfumarias e cosméticos"
24176014;"PROSCIENCE BEAUTY LTDA EPP";RIO DE JANEIRO;2022;fora;"Fabricação de perfumarias e cosméticos"
05119197;"PROTEGE IND & COM DE COSMETICOS LTDA";ESPIRITO SANTO;2025;fora;"Fabricação de perfumarias e cosméticos"
11501305;"PROTTA INDUSTRIA, IMPORTACAO E EXPORTACAO DE COSMETICOS ATIVOS EIRELLI - ME";SAO PAULO;2024;fora;"Fabricação de perfumarias e cosméticos"
02828787;"PSO INDUSTRIA EIRELI";SAO PAULO;2025;fora;"Fabricação de perfumarias e cosméticos"
54439202;"PURE NATURE COSMETICOS LTDA";GOIAS;2025;fora;"Fabricação de perfumarias e cosméticos"
12472927;"QUALYBLESS DO BRASIL LTDA";PARANA;2025;fora;"Fabricação de perfumarias e cosméticos"
65392797;"QUIMICA FUTURO INDUSTRIA E COMERCIO LTDA";SAO PAULO;2025;fora;"Fabricação de perfumarias e cosméticos"
69216620;"QUINOVA LTDA - ME";SAO PAULO;2022;fora;"Fabricação de perfumarias e cosméticos"
09240065;"R2 SOLUÇÕES EM RADIOFARMÁCIA LTDA.";RIO GRANDE DO SUL;2024;fora;"Fabricação de produtos farmacêuticos e veterinários"
24475141;"R2M DO BRASIL INDUSTRIA DE COSMÉTICOS LTDA";SANTA CATARINA;2024;fora;"Fabricação de perfumarias e cosméticos"
00099817;"RABBIT IND. COM. PRODUTOS HIGIENE PESSOAL LTDA.";PARANA;2025;fora;"Fabricação de perfumarias e cosméticos"
28434418;"RAILUZ INDÚSTRIA E COMÉRCIO DE PRODUTOS PARA ANIMAIS LTDA";SAO PAULO;2024;fora;"Fabricação de perfumarias e cosméticos | Fabricação de produtos farmacêuticos e veterinários"
14336744;"RAIZ LATINA COSMETICOS EIRELI";SAO PAULO;2025;fora;"Fabricação de perfumarias e cosméticos"
14464980;"RAWA INDUSTRIA E COMERCIO DE COSMÉTICOS EIRELI";SAO PAULO;2024;fora;"Fabricação de perfumarias e cosméticos"
04745002;"RECANTO INDUSTRIA E COMÉRCIO DE FRALDAS E ABSORVENTES LTDA";RIO GRANDE DO SUL;2025;fora;"Fabricação de perfumarias e cosméticos"
15700380;"REGENERA - MEDICINA VETERINARIA AVANÇADA LTDA";SAO PAULO;2022;fora;"Fabricação de produtos farmacêuticos e veterinários"
47334701;"REM INDUSTRIA E COMERCIO LTDA";SAO PAULO;2024;fora;"Fabricação de produtos farmacêuticos e veterinários"
00562583;"RENYLAB QUÍMICA R FARMACÊUTICA LTDA";MINAS GERAIS;2025;fora;"Fabricação de produtos farmacêuticos e veterinários"
55195754;"REVITAL INDUSTRIA E COMERCIO DE PRODUTOS NATURAIS LTDA";SAO PAULO;2024;fora;"Fabricação de perfumarias e cosméticos"
05392347;"RH COSMÉTICOS LTDA";SAO PAULO;2022;fora;"Fabricação de perfumarias e cosméticos"
04218431;"RICOSTI COSMÉTICOS INDUSTRIA E COMERCIO LTDA EPP";SAO PAULO;2024;fora;"Fabricação de perfumarias e cosméticos"
41738591;"RIO BIOFARMA BRASIL LTDA";SAO PAULO;2024;fora;"Fabricação de produtos farmacêuticos e veterinários"
10325833;"RIQUEZAS DA TERRA IND COM COSMETICOS, PERFUMES E PRODUTOS DE HIGIENE PESSOAL LTDA";MINAS GERAIS;2023;fora;"Fabricação de perfumarias e cosméticos"
11473175;"RIVER CITY BIOTECNOLOGIA LTDA";GOIAS;2025;fora;"Fabricação de produtos farmacêuticos e veterinários"
90278284;"ROCHADEL COMÉRCIO E INDÚSTRIA DE COSMÉTICOS LTDA";RIO GRANDE DO SUL;2024;fora;"Fabricação de perfumarias e cosméticos"
64519192;"RODRIGUES, LOURENCO & PEREIRA LTDA.";SAO PAULO;2025;fora;"Fabricação de perfumarias e cosméticos"
01342361;"S.G.M INDUSTRIA DE COSMETICOS LTDA";RIO GRANDE DO SUL;2025;fora;"Fabricação de perfumarias e cosméticos"
10855649;"SACRATU KYPHI INDUSTRIA E COMERCIO LTDA.";SAO PAULO;2023;fora;"Fabricação de perfumarias e cosméticos"
61286647;"SANDOZ DO BRASIL INDUSTRIA FARMACÊUTICA LTDA";PARANA;2025;fora;"Fabricação de produtos farmacêuticos e veterinários"
10588595;"SANOFI MEDLEY FARMACEUTICA LTDA.";SAO PAULO;2025;fora;"Fabricação de produtos farmacêuticos e veterinários | Fabricação de perfumarias e cosméticos"
82116252;"SANTA TEREZINHA INDÚSTRIA E COMÉRCIO LTDA";SANTA CATARINA;2025;fora;"Fabricação de perfumarias e cosméticos"
04912615;"SANTINI INDUSTRIA E COMERCIO DE COSMETICOS LTDA";MINAS GERAIS;2025;fora;"Fabricação de perfumarias e cosméticos"
04099395;"SANTISA LABORATORIO FARMACEUTICO S/A";SAO PAULO;2025;fora;"Fabricação de produtos farmacêuticos e veterinários"
38407263;"SANTREVI INDUSTRIA E COMERCIO DE COSMETICOS IMPORTACAO E EXPORTACAO LTDA";SAO PAULO;2025;fora;"Fabricação de perfumarias e cosméticos"
15392876;"SAVOY INDUSTRIA DE COSMETICOS S.A";GOIAS;2025;fora;"Fabricação de perfumarias e cosméticos"
03560974;"SCHERING PLOUGH INDÚSTRIA FARMACÊUTICA LTDA.";SAO PAULO;2025;fora;"Fabricação de produtos farmacêuticos e veterinários"
04842546;"SCHWAN COSMETICS DO BRASIL LTDA.";PARANA;2025;fora;"Fabricação de perfumarias e cosméticos"
02165992;"SCREMIN COSMÉTICOS LTDA.";PARANA;2024;fora;"Fabricação de perfumarias e cosméticos"
17071214;"SD INDUSTRIA COMERCIO E SERVIÇOS LTDA";CEARA;2024;fora;"Fabricação de perfumarias e cosméticos"
40498582;"SDK INDÚSTRIA DE COSMÉTICOS LTDA - EPP";SAO PAULO;2025;fora;"Fabricação de perfumarias e cosméticos"
11871237;"SEIVA DO CAMPO PRODUTOS DE BELEZA NATURAIS LTDA";GOIAS;2025;fora;"Fabricação de perfumarias e cosméticos"
70987482;"SEMEYA INSUMOS BOTANICOS SA";MINAS GERAIS;2024;fora;"Fabricação de produtos farmacêuticos e veterinários"
55163042;"SEMINA INDÚSTRIA E COMÉRCIO LTDA";SAO PAULO;2025;fora;"Fabricação de produtos farmacêuticos e veterinários"
50464692;"SESPO INDUSTRIA E COMERCIO LTDA";SAO PAULO;2025;fora;"Fabricação de produtos farmacêuticos e veterinários"
33348467;"SHALON FIOS CIRURGICOS LTDA";GOIAS;2025;fora;"Fabricação de produtos farmacêuticos e veterinários"
29503802;"SILIMED - INDÚSTRIA DE IMPLANTES LTDA";RIO DE JANEIRO;2025;fora;"Fabricação de produtos farmacêuticos e veterinários"
06302732;"SKIN LAB INDUSTRIA E COMERCIO DE COSMETICOS LTDA";SAO PAULO;2023;fora;"Fabricação de perfumarias e cosméticos"
05025204;"SL INDUSTRIA E COMERCIO LTDA";SAO PAULO;2025;fora;"Fabricação de perfumarias e cosméticos"
00859337;"SLIQ INDUSTRIAS QUIMICAS LTDA - ME";SAO PAULO;2025;fora;"Fabricação de produtos farmacêuticos e veterinários"
44015477;"SM EMPREENDIMENTOS FARMACEUTICOS LTDA";SAO PAULO;2025;fora;"Fabricação de produtos farmacêuticos e veterinários"
01182125;"SNC INDUSTRIA DE COSMETICOS LTDA";MINAS GERAIS;2024;fora;"Fabricação de perfumarias e cosméticos"
39257750;"SNF - COMERCIAL E INDUSTRIAL DE COSMETICOS E ALIMENTOS LTDA";SAO PAULO;2023;fora;"Fabricação de perfumarias e cosméticos"
05451985;"SOFISTICATTO IND. COM. E EXPORTAÇÃO DE COSMETICOS LTDA - EPP";GOIAS;2025;fora;"Fabricação de perfumarias e cosméticos"
09214213;"SOLANGE GIOLO MACHADO - ME";SAO PAULO;2025;fora;"Fabricação de perfumarias e cosméticos"
42934929;"SOLUTION-VET DO BRASIL LTDA";SAO PAULO;2023;fora;"Fabricação de perfumarias e cosméticos"
09542984;"SOROCAPS FARMACEUTICA LTDA";SAO PAULO;2025;fora;"Fabricação de produtos farmacêuticos e veterinários"
12226852;"SOUVIE COMÉRCIO, INDÚSTRIA, IMPORTAÇÃO, EXPORTAÇÃO DE PRODUTOS ORGÂNICOS LTDA.";SAO PAULO;2025;fora;"Fabricação de perfumarias e cosméticos"
04056093;"STEM PHARMACEUTICAL SUPLEMENTOS ALIMENTARES";RIO GRANDE DO SUL;2024;fora;"Fabricação de produtos farmacêuticos e veterinários"
37088088;"STOA INDUSTRIA COSMETICA LTDA";SAO PAULO;2024;fora;"Fabricação de perfumarias e cosméticos"
26874644;"SUAVE FRAGRANCE IND. E COMERCIO DE COSMETICOS LTDA.";GOIAS;2025;fora;"Fabricação de perfumarias e cosméticos"
32998509;"SUL BR INDUSTRIA COMERCIO IMPORTACAO E EXPORTACAO DE COSMETICOS LTDA";SAO PAULO;2025;fora;"Fabricação de perfumarias e cosméticos"
43312503;"SUPERA FARMA LABORATÓRIOS S/A";SAO PAULO;2024;fora;"Fabricação de produtos farmacêuticos e veterinários"
07722471;"SUPORT COMERCIO E INDUSTRIA DE COSMETICOS LTDA";SAO PAULO;2025;fora;"Fabricação de perfumarias e cosméticos"
09572573;"SWAB CB BRASIL INDUSTRIA DE PRODUTOS LABORATORIAIS LTDA";SAO PAULO;2023;fora;"Fabricação de produtos farmacêuticos e veterinários"
05562870;"SWEET SOAP ATELIER DE ARTIGOS DECORATIVOS LTDA";SAO PAULO;2024;fora;"Fabricação de perfumarias e cosméticos"
06222419;"SWISSBRAS CHEMICAL-INDUSTRIA E COMERCIO DE PRODUTOS VETERINARIOS LTDA-EPP";SAO PAULO;2022;fora;"Fabricação de produtos farmacêuticos e veterinários"
02177011;"SYNTEC DO BRASIL LTDA";SAO PAULO;2024;fora;"Fabricação de produtos farmacêuticos e veterinários"
05611848;"SYNTONICS DO BRASIL LTDA";SAO PAULO;2025;fora;"Fabricação de perfumarias e cosméticos"
62957309;"T L INDUSTRIA E COMERCIO DE COSMETICOS LTDAT L INDUSTRIA E COMERCIO DE COSMETICOS LTDA";CEARA;2025;fora;"Fabricação de perfumarias e cosméticos"
03938393;"TAHHARA IMPORTAÇÃO E EXPORTAÇÃO LTDA - EPP";SAO PAULO;2025;fora;"Fabricação de perfumarias e cosméticos"
04660567;"TBC PERFUMES E COSMETICOS LTDA";SAO PAULO;2024;fora;"Fabricação de perfumarias e cosméticos"
07239476;"TCI INDÚSTRIA COSMÉTICA LTDA";SAO PAULO;2025;fora;"Fabricação de perfumarias e cosméticos"
20858253;"TDA INDÚSTRIA DE COSMÉTICOS LTDA EPP";SAO PAULO;2025;fora;"Fabricação de perfumarias e cosméticos"
05589960;"TECH-SCIENCE COSMETICOS INDUSTRIA E COMERCIO LTDA";SAO PAULO;2023;fora;"Fabricação de perfumarias e cosméticos"
02930035;"TECNOPHARMA INDUSTRIA E COMERCIO DE EMBALAGENS LTDA";SAO PAULO;2023;fora;"Fabricação de produtos farmacêuticos e veterinários"
26024381;"TECSO INDUSTRIA E COMERCIO DE COSMETICOS LTDA";SAO PAULO;2024;fora;"Fabricação de perfumarias e cosméticos"
01152141;"TERMOGEL IND E COM DE PRODUTOS DE ESTETICA LTDA";SAO PAULO;2025;fora;"Fabricação de produtos farmacêuticos e veterinários"
02950415;"TERRA VIVA - COSMETICOS NATURAIS LTDA";SAO PAULO;2025;fora;"Fabricação de perfumarias e cosméticos"
61517397;"THERASKIN FARMACÊUTICA LTDA";SAO PAULO;2025;fora;"Fabricação de produtos farmacêuticos e veterinários"
18671540;"THESEO SAÚDE ANIMAL LTDA";SAO PAULO;2023;fora;"Fabricação de produtos farmacêuticos e veterinários"
23373298;"THREE LIFE LAB INDUSTRIA DE ALIMENTOS, COSMETICOS E SERVICOS LTDA";SAO PAULO;2023;fora;"Fabricação de perfumarias e cosméticos"
74678608;"THROUGH INDUSTRIA DE COSMETICOS LTDA EPP";SAO PAULO;2024;fora;"Fabricação de perfumarias e cosméticos"
73386963;"TOHO LABORATÓRIO IND. DE COSMÉTICOS E ALIMENTOS NUTRICIONAIS";PARANA;2025;fora;"Fabricação de perfumarias e cosméticos"
02757966;"TOPS COSMÉTICOS EIRELI";MINAS GERAIS;2023;fora;"Fabricação de perfumarias e cosméticos"
05765886;"TOTAL PERFORMANCE INDUSTRIA DE COSMETICOS LTDA";SAO PAULO;2025;fora;"Fabricação de perfumarias e cosméticos"
04556017;"TOVER INDÚSTRIA E COMÉRCIO LTDA - ME";SAO PAULO;2025;fora;"Fabricação de perfumarias e cosméticos"
61455192;"TRB PHARMA INDUSTRIA QUIMICA E FARMACEUTICA LTDA";SAO PAULO;2025;fora;"Fabricação de produtos farmacêuticos e veterinários"
20961109;"TRENDY PRIME IND. E COM. DE COSMETICOS LTDA";MINAS GERAIS;2025;fora;"Fabricação de perfumarias e cosméticos"
03011083;"TREZZO INDÚSTRIA E COMÉRCIO DE COSMÉTICOS LTDA";MINAS GERAIS;2025;fora;"Fabricação de perfumarias e cosméticos"
03967708;"TRI HAIR INDÚSTRIA DE COSMÉTICOS LTDA - EPP";BAHIA;2024;fora;"Fabricação de perfumarias e cosméticos"
03436772;"TRILHA INDUSTRIA E COMERCIO LTDA";SAO PAULO;2025;fora;"Fabricação de perfumarias e cosméticos"
41876717;"TWD INDUSTRIA E COMERCIO DE COSMETICOS LTDA";PARANA;2024;fora;"Fabricação de perfumarias e cosméticos"
01779967;"TY COSMETICA LTDA ME";SAO PAULO;2025;fora;"Fabricação de perfumarias e cosméticos"
10273164;"UBER CIÊNCIA E TECNOLOGIA FARMACEUTICA LTDA-ME";MINAS GERAIS;2024;fora;"Fabricação de perfumarias e cosméticos"
81105926;"UIRTUS FABRICAÇÃO DE COSMETICOS LTDA";PARANA;2023;fora;"Fabricação de perfumarias e cosméticos"
01518361;"ULTRAN COSMETICA LTDA.";SAO PAULO;2024;fora;"Fabricação de perfumarias e cosméticos"
20179840;"UNA INDUSTRIA E COMERCIO DE COSMETICOS LTDA";SAO PAULO;2025;fora;"Fabricação de perfumarias e cosméticos"
10599254;"UNIAO CASINGS IMPORTACAO E EXPORTACAO LTDA";SAO PAULO;2025;fora;"Fabricação de produtos farmacêuticos e veterinários"
56990534;"UNIÃO QUÍMICA INTERNACIONAL LTDA";SAO PAULO;2024;fora;"Fabricação de produtos farmacêuticos e veterinários"
13884068;"UNICHARM DO BRASIL INDÚSTRIA E COMÉRCIO DE PRODUTOS DE HIGIENE LTDA";SAO PAULO;2025;fora;"Fabricação de perfumarias e cosméticos"
04656253;"UNITHER INDUSTRIA FARMACEUTICA LTDA.";SAO PAULO;2025;fora;"Fabricação de produtos farmacêuticos e veterinários"
86464559;"USTOK COSMETICOS LTDA - ME";MINAS GERAIS;2024;fora;"Fabricação de perfumarias e cosméticos"
01192916;"V.V. IND. COM. DE COSMETICOS LTDA EPP";PARANA;2022;fora;"Fabricação de perfumarias e cosméticos"
04212755;"VALERIA FERREIRA BORGES - EPP";SAO PAULO;2025;fora;"Fabricação de perfumarias e cosméticos"
20557161;"VALLÉE S/A";MINAS GERAIS;2022;fora;"Fabricação de produtos farmacêuticos e veterinários"
05155425;"VASCONCELOS INDÚSTRIA FARMACÊUTICA E COMÉRCIO LTDA";MINAS GERAIS;2024;fora;"Fabricação de produtos farmacêuticos e veterinários"
31246055;"VCB ALVES DE SA & CIA. LTDA";SAO PAULO;2024;fora;"Fabricação de perfumarias e cosméticos"
48875587;"VEDIC HINDUS COMERCIO IMPORTACAO EXPORTACAO LTDA";SAO PAULO;2022;fora;"Fabricação de perfumarias e cosméticos"
11287350;"VEGAN DO BRASIL INDUSTRIA DE COSMETICOS LTDA";SAO PAULO;2025;fora;"Fabricação de perfumarias e cosméticos"
06009684;"VEGETAL BRASIL INDUSTRIA E COMERCIO DE COSMETICOS LTDA ME";SANTA CATARINA;2022;fora;"Fabricação de perfumarias e cosméticos"
24129745;"VENILLE INDUSTRIA DE COSMETICOS LTDA";SAO PAULO;2023;fora;"Fabricação de perfumarias e cosméticos"
07216516;"VENIX COSMETICOS LTDA";MINAS GERAIS;2025;fora;"Fabricação de perfumarias e cosméticos"
64786031;"VERDI COSMETICOS LTDA ME";SAO PAULO;2025;fora;"Fabricação de perfumarias e cosméticos"
03624232;"VETBRAS INDÚSTRIA E COMÉRCIO DE PRODUTOS AGROPECUÁRIOS LTDA";MINAS GERAIS;2024;fora;"Fabricação de produtos farmacêuticos e veterinários"
11473142;"VETICA PHARMACEUTICAL LTDA";SAO PAULO;2025;fora;"Fabricação de produtos farmacêuticos e veterinários"
60528742;"VETOQUINOL SAÚDE ANIMAL LTDA";GOIAS;2025;fora;"Fabricação de produtos farmacêuticos e veterinários"
07827881;"VETYS DO BRASIL PRODUTOS VETERINARIOS LTDA ME";SANTA CATARINA;2023;fora;"Fabricação de produtos farmacêuticos e veterinários"
35097214;"VICTOR F. OLIVEIRA EMPREENDIMENTOS FARMACEUTICOS LTDA";CEARA;2023;fora;"Fabricação de perfumarias e cosméticos"
08775780;"VIDA BOTHANICA INDUSTRIA E COMERCIO DE COSMETICOS E PRODUTOS NATURAIS LTDA";SAO PAULO;2025;fora;"Fabricação de perfumarias e cosméticos"
37115271;"VIENS COMERCIO DE PERFUMES LTDA";SAO PAULO;2025;fora;"Fabricação de perfumarias e cosméticos"
03103404;"VILAVET SAÚDE ANIMAL LTDA";PARANA;2025;fora;"Fabricação de produtos farmacêuticos e veterinários"
08289477;"VINOTAGE COSMETICOS EIRELI";RIO GRANDE DO SUL;2025;fora;"Fabricação de perfumarias e cosméticos"
10286588;"VISUAL + MAIS INDÚSTRIA E COMÉRCIO DE CERAS DEPILATÓRIAS EIRELI - ME";SAO PAULO;2025;fora;"Fabricação de perfumarias e cosméticos"
09283335;"VITA HORSE PRODUTOS AGROPECUARIOS LTDA";SAO PAULO;2022;fora;"Fabricação de produtos farmacêuticos e veterinários"
45662156;"VITAE RURAL LTDA";MINAS GERAIS;2024;fora;"Fabricação de produtos farmacêuticos e veterinários"
04360409;"VITALIFE INDUSTRIA DE COSMETICOS EIRELI";GOIAS;2024;fora;"Fabricação de perfumarias e cosméticos"
30222814;"VITAMEDIC INDUSTRIA FARMACEUTICA LTDA";GOIAS;2025;fora;"Fabricação de produtos farmacêuticos e veterinários"
27700353;"VITTORE LABS IND. E COM. DE SUPL. E ALIM. FUNC. LTDA";RIO GRANDE DO SUL;2025;fora;"Fabricação de produtos farmacêuticos e veterinários"
04159536;"VUELO PHARMA LTDA.";PARANA;2025;fora;"Fabricação de produtos farmacêuticos e veterinários"
00904728;"VYTTRA DIAGNOSTICOS S.A.";SAO PAULO;2025;fora;"Fabricação de produtos farmacêuticos e veterinários"
28029473;"W. COSMETICOS PROFISSIONAIS LTDA";SAO PAULO;2024;fora;"Fabricação de perfumarias e cosméticos"
24836346;"W. R. SOARES INDUSTRIA E COMERCIO DE COSMETICOS EIRELI";SAO PAULO;2024;fora;"Fabricação de perfumarias e cosméticos"
66000787;"WAMA PRODUTOS PARA LABORATORIO LTDA";SAO PAULO;2025;fora;"Fabricação de produtos farmacêuticos e veterinários"
01564260;"WASSER FARMA LTDA";RIO DE JANEIRO;2025;fora;"Fabricação de produtos farmacêuticos e veterinários"
50602082;"WB BEAUTY TERCEIRIZACAO DE COSMETICOS LTDA";SAO PAULO;2025;fora;"Fabricação de perfumarias e cosméticos"
00845326;"WECKERLE DO BRASIL LTDA";SAO PAULO;2025;fora;"Fabricação de perfumarias e cosméticos"
56992217;"WELEDA DO BRASIL LABORATORIO FARMACIA LTDA";SAO PAULO;2025;fora;"Fabricação de perfumarias e cosméticos | Fabricação de produtos farmacêuticos e veterinários"
02600131;"WEST COSMETICOS LTDA";SAO PAULO;2024;fora;"Fabricação de perfumarias e cosméticos"
11878065;"WI INDUSTRIA COMERCIO IMPORTACAO EXPORTACAO E DISTRIBUICAO DE COSMETICOS LTDA";GOIAS;2025;fora;"Fabricação de perfumarias e cosméticos"
00869064;"WINNER HORSE INDUSTRIA E COMERCIO LTDA";SAO PAULO;2023;fora;"Fabricação de produtos farmacêuticos e veterinários"
43783873;"WL INDUSTRIA DE COSMETICOS LTDA";SAO PAULO;2024;fora;"Fabricação de perfumarias e cosméticos"
06187221;"WORLD COMERCIO E IND DE MEDICAMENTOS VET, COSMETICOS E LIMPEZA LTDA EPP";SAO PAULO;2025;fora;"Fabricação de perfumarias e cosméticos"
39766713;"WORLD QUEEN COSMETICOS LTDA";SAO PAULO;2024;fora;"Fabricação de perfumarias e cosméticos"
01739019;"WU INDUSTRIA E COMERCIO DE COSMETICOS LTDA";CEARA;2024;fora;"Fabricação de perfumarias e cosméticos"
11903817;"YAHWEH SHAMMAH INDUSTRIA, COMÉRCIO, IMPORTAÇÃO E EXPORTAÇÃO DE COSMÉTICOS LTDA EPP";SAO PAULO;2024;fora;"Fabricação de perfumarias e cosméticos"
03676614;"YAMAMURA INDUSTRIA E COMERCIO DE COSMETICOS LTDA EPP";SAO PAULO;2024;fora;"Fabricação de perfumarias e cosméticos"
44015691;"YANTRA INDÚSTRIA E COMÉRCIO DE COSMÉTICOS LTDA - EPP";SAO PAULO;2024;fora;"Fabricação de perfumarias e cosméticos"
07091933;"ZAHARA COSMÉTICOS LTDA";SAO PAULO;2023;fora;"Fabricação de perfumarias e cosméticos"
61100004;"ZAMBON LABORATORIOS FARMACEUTICOS LTDA";SAO PAULO;2025;fora;"Fabricação de produtos farmacêuticos e veterinários"
09584425;"ZOOPATIA IND COM IMP EXP DE PROD VETERINARIOS LTDA";PARANA;2023;fora;"Fabricação de produtos farmacêuticos e veterinários"
11064225;"ZULLU BRASIL INDÚSTRIA E COMÉRCIO DE COSMÉTICOS - EIRELI - ME";SAO PAULO;2025;fora;"Fabricação de perfumarias e cosméticos"
05254971;"ZYDUS NIKKHO FARMACÊUTICA LTDA.";RIO DE JANEIRO;2024;fora;"Fabricação de produtos farmacêuticos e veterinários"